Repetição,Cenário,Método,Data,Real,Estimado
0,Aleatório 10%,Média global,2015-04-01,441.5,579.8862499999999
0,Aleatório 10%,Média global,2016-03-01,476.2,579.8862499999999
0,Aleatório 10%,Média global,2017-08-01,599.1,579.8862499999999
0,Aleatório 10%,Média global,2018-04-01,521.7,579.8862499999999
0,Aleatório 10%,Média global,2019-05-01,566.5,579.8862499999999
0,Aleatório 10%,Média global,2019-11-01,591.2,579.8862499999999
0,Aleatório 10%,Média global,2020-06-01,635.0,579.8862499999999
0,Aleatório 10%,Média global,2021-06-01,703.3,579.8862499999999
0,Aleatório 10%,Linear,2015-04-01,441.5,450.75
0,Aleatório 10%,Linear,2016-03-01,476.2,419.04999999999995
0,Aleatório 10%,Linear,2017-08-01,599.1,569.45
0,Aleatório 10%,Linear,2018-04-01,521.7,542.95
0,Aleatório 10%,Linear,2019-05-01,566.5,576.05
0,Aleatório 10%,Linear,2019-11-01,591.2,579.5
0,Aleatório 10%,Linear,2020-06-01,635.0,637.5
0,Aleatório 10%,Linear,2021-06-01,703.3,724.0999999999999
0,Aleatório 10%,PCHIP,2015-04-01,441.5,451.5620981423026
0,Aleatório 10%,PCHIP,2016-03-01,476.2,413.6444559432288
0,Aleatório 10%,PCHIP,2017-08-01,599.1,575.4766789982925
0,Aleatório 10%,PCHIP,2018-04-01,521.7,545.0530082319635
0,Aleatório 10%,PCHIP,2019-05-01,566.5,567.035329244674
0,Aleatório 10%,PCHIP,2019-11-01,591.2,579.3888888888889
0,Aleatório 10%,PCHIP,2020-06-01,635.0,635.7578742022795
0,Aleatório 10%,PCHIP,2021-06-01,703.3,734.5597411444141
0,Aleatório 10%,Harmônica log,2015-04-01,441.5,441.6331667416927
0,Aleatório 10%,Harmônica log,2016-03-01,476.2,435.76396307790117
0,Aleatório 10%,Harmônica log,2017-08-01,599.1,606.6810695977657
0,Aleatório 10%,Harmônica log,2018-04-01,521.7,532.5123732851761
0,Aleatório 10%,Harmônica log,2019-05-01,566.5,573.77766068069
0,Aleatório 10%,Harmônica log,2019-11-01,591.2,619.1219045424574
0,Aleatório 10%,Harmônica log,2020-06-01,635.0,635.1962291729011
0,Aleatório 10%,Harmônica log,2021-06-01,703.3,676.0786972528781
0,Aleatório 10%,Harmônica + resíduo,2015-04-01,441.5,465.24900647771767
0,Aleatório 10%,Harmônica + resíduo,2016-03-01,476.2,407.41583432422095
0,Aleatório 10%,Harmônica + resíduo,2017-08-01,599.1,613.3430577701021
0,Aleatório 10%,Harmônica + resíduo,2018-04-01,521.7,560.359762764777
0,Aleatório 10%,Harmônica + resíduo,2019-05-01,566.5,567.8701421963293
0,Aleatório 10%,Harmônica + resíduo,2019-11-01,591.2,620.923542806561
0,Aleatório 10%,Harmônica + resíduo,2020-06-01,635.0,612.6326282220808
0,Aleatório 10%,Harmônica + resíduo,2021-06-01,703.3,695.8065786426803
0,Aleatório 20%,Média global,2015-04-01,441.5,570.8070422535212
0,Aleatório 20%,Média global,2015-05-01,456.7,570.8070422535212
0,Aleatório 20%,Média global,2016-06-01,492.5,570.8070422535212
0,Aleatório 20%,Média global,2017-04-01,484.7,570.8070422535212
0,Aleatório 20%,Média global,2017-07-01,607.2,570.8070422535212
0,Aleatório 20%,Média global,2019-04-01,553.4,570.8070422535212
0,Aleatório 20%,Média global,2019-05-01,566.5,570.8070422535212
0,Aleatório 20%,Média global,2019-10-01,579.0,570.8070422535212
0,Aleatório 20%,Média global,2019-11-01,591.2,570.8070422535212
0,Aleatório 20%,Média global,2021-04-01,636.1,570.8070422535212
0,Aleatório 20%,Média global,2021-06-01,703.3,570.8070422535212
0,Aleatório 20%,Média global,2021-09-01,694.7,570.8070422535212
0,Aleatório 20%,Média global,2022-02-01,623.5,570.8070422535212
0,Aleatório 20%,Média global,2022-08-01,852.0,570.8070422535212
0,Aleatório 20%,Média global,2022-09-01,709.2,570.8070422535212
0,Aleatório 20%,Média global,2022-10-01,683.4,570.8070422535212
0,Aleatório 20%,Linear,2015-04-01,441.5,453.9666666666667
0,Aleatório 20%,Linear,2015-05-01,456.7,463.1333333333333
0,Aleatório 20%,Linear,2016-06-01,492.5,512.65
0,Aleatório 20%,Linear,2017-04-01,484.7,505.35
0,Aleatório 20%,Linear,2017-07-01,607.2,561.75
0,Aleatório 20%,Linear,2019-04-01,553.4,581.7
0,Aleatório 20%,Linear,2019-05-01,566.5,590.2
0,Aleatório 20%,Linear,2019-10-01,579.0,596.625
0,Aleatório 20%,Linear,2019-11-01,591.2,591.25
0,Aleatório 20%,Linear,2021-04-01,636.1,667.75
0,Aleatório 20%,Linear,2021-06-01,703.3,724.0999999999999
0,Aleatório 20%,Linear,2021-09-01,694.7,710.5
0,Aleatório 20%,Linear,2022-02-01,623.5,688.75
0,Aleatório 20%,Linear,2022-08-01,852.0,795.0
0,Aleatório 20%,Linear,2022-09-01,709.2,757.5999999999999
0,Aleatório 20%,Linear,2022-10-01,683.4,720.1999999999999
0,Aleatório 20%,PCHIP,2015-04-01,441.5,456.9679246418352
0,Aleatório 20%,PCHIP,2015-05-01,456.7,462.4983190904337
0,Aleatório 20%,PCHIP,2016-06-01,492.5,514.1281215898994
0,Aleatório 20%,PCHIP,2017-04-01,484.7,505.34999999999997
0,Aleatório 20%,PCHIP,2017-07-01,607.2,569.5556032306915
0,Aleatório 20%,PCHIP,2019-04-01,553.4,583.8915339966834
0,Aleatório 20%,PCHIP,2019-05-01,566.5,588.3355679933665
0,Aleatório 20%,PCHIP,2019-10-01,579.0,594.1986895467602
0,Aleatório 20%,PCHIP,2019-11-01,591.2,591.5380216356044
0,Aleatório 20%,PCHIP,2021-04-01,636.1,668.1258033083229
0,Aleatório 20%,PCHIP,2021-06-01,703.3,726.2331410825199
0,Aleatório 20%,PCHIP,2021-09-01,694.7,705.0229768786128
0,Aleatório 20%,PCHIP,2022-02-01,623.5,692.3935075093866
0,Aleatório 20%,PCHIP,2022-08-01,852.0,830.0625
0,Aleatório 20%,PCHIP,2022-09-01,709.2,813.6999999999999
0,Aleatório 20%,PCHIP,2022-10-01,683.4,769.2874999999999
0,Aleatório 20%,Harmônica log,2015-04-01,441.5,448.0844470509321
0,Aleatório 20%,Harmônica log,2015-05-01,456.7,449.7918963176348
0,Aleatório 20%,Harmônica log,2016-06-01,492.5,494.7829929765093
0,Aleatório 20%,Harmônica log,2017-04-01,484.7,506.2792458447602
0,Aleatório 20%,Harmônica log,2017-07-01,607.2,589.7571856154692
0,Aleatório 20%,Harmônica log,2019-04-01,553.4,572.0320722133977
0,Aleatório 20%,Harmônica log,2019-05-01,566.5,574.2118304010779
0,Aleatório 20%,Harmônica log,2019-10-01,579.0,560.3909984134029
0,Aleatório 20%,Harmônica log,2019-11-01,591.2,617.7657435278015
0,Aleatório 20%,Harmônica log,2021-04-01,636.1,646.3245221414609
0,Aleatório 20%,Harmônica log,2021-06-01,703.3,671.4140111520347
0,Aleatório 20%,Harmônica log,2021-09-01,694.7,681.4877604751232
0,Aleatório 20%,Harmônica log,2022-02-01,623.5,613.1748726799402
0,Aleatório 20%,Harmônica log,2022-08-01,852.0,822.2736860233449
0,Aleatório 20%,Harmônica log,2022-09-01,709.2,724.3912363894646
0,Aleatório 20%,Harmônica log,2022-10-01,683.4,673.0332689514942
0,Aleatório 20%,Harmônica + resíduo,2015-04-01,441.5,471.2839100762452
0,Aleatório 20%,Harmônica + resíduo,2015-05-01,456.7,464.6566457227745
0,Aleatório 20%,Harmônica + resíduo,2016-06-01,492.5,491.01009533029264
0,Aleatório 20%,Harmônica + resíduo,2017-04-01,484.7,523.7984989956722
0,Aleatório 20%,Harmônica + resíduo,2017-07-01,607.2,585.5566521576802
0,Aleatório 20%,Harmônica + resíduo,2019-04-01,553.4,604.005165217612
0,Aleatório 20%,Harmônica + resíduo,2019-05-01,566.5,592.2523997208668
0,Aleatório 20%,Harmônica + resíduo,2019-10-01,579.0,553.9254321847133
0,Aleatório 20%,Harmônica + resíduo,2019-11-01,591.2,604.7493994331184
0,Aleatório 20%,Harmônica + resíduo,2021-04-01,636.1,692.2094333024438
0,Aleatório 20%,Harmônica + resíduo,2021-06-01,703.3,693.8427736529646
0,Aleatório 20%,Harmônica + resíduo,2021-09-01,694.7,690.1191550561103
0,Aleatório 20%,Harmônica + resíduo,2022-02-01,623.5,648.04301207738
0,Aleatório 20%,Harmônica + resíduo,2022-08-01,852.0,829.4875366297299
0,Aleatório 20%,Harmônica + resíduo,2022-09-01,709.2,708.7236719742525
0,Aleatório 20%,Harmônica + resíduo,2022-10-01,683.4,638.6318328819501
0,Bloco 3 meses,Média global,2016-02-01,381.2,584.7154761904762
0,Bloco 3 meses,Média global,2016-03-01,476.2,584.7154761904762
0,Bloco 3 meses,Média global,2016-04-01,456.9,584.7154761904762
0,Bloco 3 meses,Linear,2016-02-01,381.2,469.40000000000003
0,Bloco 3 meses,Linear,2016-03-01,476.2,470.6
0,Bloco 3 meses,Linear,2016-04-01,456.9,471.8
0,Bloco 3 meses,PCHIP,2016-02-01,381.2,469.3677553009993
0,Bloco 3 meses,PCHIP,2016-03-01,476.2,469.8414980908279
0,Bloco 3 meses,PCHIP,2016-04-01,456.9,470.86978633520187
0,Bloco 3 meses,Harmônica log,2016-02-01,381.2,428.2191506120518
0,Bloco 3 meses,Harmônica log,2016-03-01,476.2,438.7608875276908
0,Bloco 3 meses,Harmônica log,2016-04-01,456.9,469.4258502299791
0,Bloco 3 meses,Harmônica + resíduo,2016-02-01,381.2,420.76389166845945
0,Bloco 3 meses,Harmônica + resíduo,2016-03-01,476.2,432.7323425407565
0,Bloco 3 meses,Harmônica + resíduo,2016-04-01,456.9,464.7051899092573
0,Bloco 6 meses,Média global,2020-02-01,439.8,578.8716049382716
0,Bloco 6 meses,Média global,2020-03-01,549.3,578.8716049382716
0,Bloco 6 meses,Média global,2020-04-01,557.2,578.8716049382716
0,Bloco 6 meses,Média global,2020-05-01,592.6,578.8716049382716
0,Bloco 6 meses,Média global,2020-06-01,635.0,578.8716049382716
0,Bloco 6 meses,Média global,2020-07-01,682.4,578.8716049382716
0,Bloco 6 meses,Linear,2020-02-01,439.8,637.2666666666667
0,Bloco 6 meses,Linear,2020-03-01,549.3,652.6222222222223
0,Bloco 6 meses,Linear,2020-04-01,557.2,667.9777777777778
0,Bloco 6 meses,Linear,2020-05-01,592.6,683.3333333333334
0,Bloco 6 meses,Linear,2020-06-01,635.0,698.6888888888889
0,Bloco 6 meses,Linear,2020-07-01,682.4,714.0444444444445
0,Bloco 6 meses,PCHIP,2020-02-01,439.8,644.6218666913993
0,Bloco 6 meses,PCHIP,2020-03-01,549.3,665.119835413847
0,Bloco 6 meses,PCHIP,2020-04-01,557.2,684.8005596891023
0,Bloco 6 meses,PCHIP,2020-05-01,592.6,702.3664889012553
0,Bloco 6 meses,PCHIP,2020-06-01,635.0,716.5200724343957
0,Bloco 6 meses,PCHIP,2020-07-01,682.4,725.9637596726138
0,Bloco 6 meses,Harmônica log,2020-02-01,439.8,559.5764490709411
0,Bloco 6 meses,Harmônica log,2020-03-01,549.3,572.1042825931977
0,Bloco 6 meses,Harmônica log,2020-04-01,557.2,608.0188878255426
0,Bloco 6 meses,Harmônica log,2020-05-01,592.6,613.818864653213
0,Bloco 6 meses,Harmônica log,2020-06-01,635.0,641.4437470891271
0,Bloco 6 meses,Harmônica log,2020-07-01,682.4,716.8018922436504
0,Bloco 6 meses,Harmônica + resíduo,2020-02-01,439.8,544.0293377820293
0,Bloco 6 meses,Harmônica + resíduo,2020-03-01,549.3,558.4581860810591
0,Bloco 6 meses,Harmônica + resíduo,2020-04-01,557.2,595.9160785702596
0,Bloco 6 meses,Harmônica + resíduo,2020-05-01,592.6,604.0332343888624
0,Bloco 6 meses,Harmônica + resíduo,2020-06-01,635.0,633.7701040821753
0,Bloco 6 meses,Harmônica + resíduo,2020-07-01,682.4,711.0905159859177
1,Aleatório 10%,Média global,2015-03-01,444.8,580.159493670886
1,Aleatório 10%,Média global,2017-07-01,607.2,580.159493670886
1,Aleatório 10%,Média global,2018-02-01,455.7,580.159493670886
1,Aleatório 10%,Média global,2018-03-01,532.5,580.159493670886
1,Aleatório 10%,Média global,2018-08-01,652.1,580.159493670886
1,Aleatório 10%,Média global,2019-11-01,591.2,580.159493670886
1,Aleatório 10%,Média global,2020-05-01,592.6,580.159493670886
1,Aleatório 10%,Média global,2020-10-01,617.2,580.159493670886
1,Aleatório 10%,Linear,2015-03-01,444.8,400.5
1,Aleatório 10%,Linear,2017-07-01,607.2,561.75
1,Aleatório 10%,Linear,2018-02-01,455.7,525.4200000000001
1,Aleatório 10%,Linear,2018-03-01,532.5,523.5600000000001
1,Aleatório 10%,Linear,2018-08-01,652.1,611.3
1,Aleatório 10%,Linear,2019-11-01,591.2,579.5
1,Aleatório 10%,Linear,2020-05-01,592.6,596.1
1,Aleatório 10%,Linear,2020-10-01,617.2,646.05
1,Aleatório 10%,PCHIP,2015-03-01,444.8,395.22460496613996
1,Aleatório 10%,PCHIP,2017-07-01,607.2,569.5556032306915
1,Aleatório 10%,PCHIP,2018-02-01,455.7,524.9736
1,Aleatório 10%,PCHIP,2018-03-01,532.5,522.6672000000001
1,Aleatório 10%,PCHIP,2018-08-01,652.1,618.8153414970681
1,Aleatório 10%,PCHIP,2019-11-01,591.2,579.3888888888889
1,Aleatório 10%,PCHIP,2020-05-01,592.6,588.35709463618
1,Aleatório 10%,PCHIP,2020-10-01,617.2,645.7298563218391
1,Aleatório 10%,Harmônica log,2015-03-01,444.8,406.7922836215638
1,Aleatório 10%,Harmônica log,2017-07-01,607.2,588.8682645540845
1,Aleatório 10%,Harmônica log,2018-02-01,455.7,478.7894163875857
1,Aleatório 10%,Harmônica log,2018-03-01,532.5,491.64174614544703
1,Aleatório 10%,Harmônica log,2018-08-01,652.1,641.7402649091637
1,Aleatório 10%,Harmônica log,2019-11-01,591.2,615.9568497015789
1,Aleatório 10%,Harmônica log,2020-05-01,592.6,612.4260241297446
1,Aleatório 10%,Harmônica log,2020-10-01,617.2,599.9063190036809
1,Aleatório 10%,Harmônica + resíduo,2015-03-01,444.8,388.8159750619579
1,Aleatório 10%,Harmônica + resíduo,2017-07-01,607.2,584.8532469269486
1,Aleatório 10%,Harmônica + resíduo,2018-02-01,455.7,470.08716801213785
1,Aleatório 10%,Harmônica + resíduo,2018-03-01,532.5,483.3134881762292
1,Aleatório 10%,Harmônica + resíduo,2018-08-01,652.1,655.7144442773267
1,Aleatório 10%,Harmônica + resíduo,2019-11-01,591.2,618.454860295823
1,Aleatório 10%,Harmônica + resíduo,2020-05-01,592.6,587.6926017330015
1,Aleatório 10%,Harmônica + resíduo,2020-10-01,617.2,595.7448453236811
1,Aleatório 20%,Média global,2015-02-01,359.5,576.6514285714287
1,Aleatório 20%,Média global,2017-05-01,496.8,576.6514285714287
1,Aleatório 20%,Média global,2017-09-01,531.7,576.6514285714287
1,Aleatório 20%,Média global,2017-10-01,513.0,576.6514285714287
1,Aleatório 20%,Média global,2018-03-01,532.5,576.6514285714287
1,Aleatório 20%,Média global,2018-04-01,521.7,576.6514285714287
1,Aleatório 20%,Média global,2019-02-01,489.1,576.6514285714287
1,Aleatório 20%,Média global,2019-07-01,667.2,576.6514285714287
1,Aleatório 20%,Média global,2019-08-01,677.0,576.6514285714287
1,Aleatório 20%,Média global,2020-06-01,635.0,576.6514285714287
1,Aleatório 20%,Média global,2020-08-01,729.4,576.6514285714287
1,Aleatório 20%,Média global,2020-09-01,645.4,576.6514285714287
1,Aleatório 20%,Média global,2021-04-01,636.1,576.6514285714287
1,Aleatório 20%,Média global,2021-06-01,703.3,576.6514285714287
1,Aleatório 20%,Média global,2022-04-01,636.2,576.6514285714287
1,Aleatório 20%,Média global,2022-11-01,682.8,576.6514285714287
1,Aleatório 20%,Linear,2015-02-01,359.5,444.8
1,Aleatório 20%,Linear,2017-05-01,496.8,504.54999999999995
1,Aleatório 20%,Linear,2017-09-01,531.7,576.4
1,Aleatório 20%,Linear,2017-10-01,513.0,553.7
1,Aleatório 20%,Linear,2018-03-01,532.5,488.26666666666665
1,Aleatório 20%,Linear,2018-04-01,521.7,520.8333333333333
1,Aleatório 20%,Linear,2019-02-01,489.1,571.075
1,Aleatório 20%,Linear,2019-07-01,667.2,599.8000000000001
1,Aleatório 20%,Linear,2019-08-01,677.0,600.9
1,Aleatório 20%,Linear,2020-06-01,635.0,637.5
1,Aleatório 20%,Linear,2020-08-01,729.4,660.6666666666666
1,Aleatório 20%,Linear,2020-09-01,645.4,638.9333333333334
1,Aleatório 20%,Linear,2021-04-01,636.1,667.75
1,Aleatório 20%,Linear,2021-06-01,703.3,724.0999999999999
1,Aleatório 20%,Linear,2022-04-01,636.2,683.0
1,Aleatório 20%,Linear,2022-11-01,682.8,683.4
1,Aleatório 20%,PCHIP,2015-02-01,359.5,444.8
1,Aleatório 20%,PCHIP,2017-05-01,496.8,495.9588628179812
1,Aleatório 20%,PCHIP,2017-09-01,531.7,576.5264905828597
1,Aleatório 20%,PCHIP,2017-10-01,513.0,546.1965786247631
1,Aleatório 20%,PCHIP,2018-03-01,532.5,477.19913042744133
1,Aleatório 20%,PCHIP,2018-04-01,521.7,520.4093719659938
1,Aleatório 20%,PCHIP,2019-02-01,489.1,572.707511449779
1,Aleatório 20%,PCHIP,2019-07-01,667.2,600.6753342554172
1,Aleatório 20%,PCHIP,2019-08-01,677.0,601.7043337943753
1,Aleatório 20%,PCHIP,2020-06-01,635.0,647.2686014750068
1,Aleatório 20%,PCHIP,2020-08-01,729.4,665.4962962962962
1,Aleatório 20%,PCHIP,2020-09-01,645.4,634.1037037037037
1,Aleatório 20%,PCHIP,2021-04-01,636.1,668.1258033083229
1,Aleatório 20%,PCHIP,2021-06-01,703.3,726.2331410825199
1,Aleatório 20%,PCHIP,2022-04-01,636.2,683.0
1,Aleatório 20%,PCHIP,2022-11-01,682.8,683.4
1,Aleatório 20%,Harmônica log,2015-02-01,359.5,398.345118838971
1,Aleatório 20%,Harmônica log,2017-05-01,496.8,505.8280464332618
1,Aleatório 20%,Harmônica log,2017-09-01,531.7,533.2374417659037
1,Aleatório 20%,Harmônica log,2017-10-01,513.0,496.92239172094276
1,Aleatório 20%,Harmônica log,2018-03-01,532.5,501.24900240705256
1,Aleatório 20%,Harmônica log,2018-04-01,521.7,537.1327211325791
1,Aleatório 20%,Harmônica log,2019-02-01,489.1,513.4794667958914
1,Aleatório 20%,Harmônica log,2019-07-01,667.2,670.9892584138166
1,Aleatório 20%,Harmônica log,2019-08-01,677.0,686.5452827358903
1,Aleatório 20%,Harmônica log,2020-06-01,635.0,637.1497660741405
1,Aleatório 20%,Harmônica log,2020-08-01,729.4,731.5349549698019
1,Aleatório 20%,Harmônica log,2020-09-01,645.4,645.0870483234676
1,Aleatório 20%,Harmônica log,2021-04-01,636.1,649.7993848404274
1,Aleatório 20%,Harmônica log,2021-06-01,703.3,678.9025242102944
1,Aleatório 20%,Harmônica log,2022-04-01,636.2,692.3810791246979
1,Aleatório 20%,Harmônica log,2022-11-01,682.8,748.4134993681229
1,Aleatório 20%,Harmônica + resíduo,2015-02-01,359.5,427.6302739994976
1,Aleatório 20%,Harmônica + resíduo,2017-05-01,496.8,494.926809110461
1,Aleatório 20%,Harmônica + resíduo,2017-09-01,531.7,525.3991672828406
1,Aleatório 20%,Harmônica + resíduo,2017-10-01,513.0,486.9273082694265
1,Aleatório 20%,Harmônica + resíduo,2018-03-01,532.5,487.18233669735406
1,Aleatório 20%,Harmônica + resíduo,2018-04-01,521.7,536.5816205806669
1,Aleatório 20%,Harmônica + resíduo,2019-02-01,489.1,537.6790246336423
1,Aleatório 20%,Harmônica + resíduo,2019-07-01,667.2,670.2744622578361
1,Aleatório 20%,Harmônica + resíduo,2019-08-01,677.0,684.2420688039153
1,Aleatório 20%,Harmônica + resíduo,2020-06-01,635.0,612.5631015117145
1,Aleatório 20%,Harmônica + resíduo,2020-08-01,729.4,715.4072564538983
1,Aleatório 20%,Harmônica + resíduo,2020-09-01,645.4,646.3939510244672
1,Aleatório 20%,Harmônica + resíduo,2021-04-01,636.1,690.0392821044527
1,Aleatório 20%,Harmônica + resíduo,2021-06-01,703.3,695.7276126519124
1,Aleatório 20%,Harmônica + resíduo,2022-04-01,636.2,705.7171119295493
1,Aleatório 20%,Harmônica + resíduo,2022-11-01,682.8,749.373865428111
1,Bloco 3 meses,Média global,2018-05-01,553.4,578.3211764705883
1,Bloco 3 meses,Média global,2018-06-01,566.3,578.3211764705883
1,Bloco 3 meses,Média global,2018-07-01,648.4,578.3211764705883
1,Bloco 3 meses,Linear,2018-05-01,553.4,554.3000000000001
1,Bloco 3 meses,Linear,2018-06-01,566.3,586.9000000000001
1,Bloco 3 meses,Linear,2018-07-01,648.4,619.5
1,Bloco 3 meses,PCHIP,2018-05-01,553.4,542.075
1,Bloco 3 meses,PCHIP,2018-06-01,566.3,586.9
1,Bloco 3 meses,PCHIP,2018-07-01,648.4,631.725
1,Bloco 3 meses,Harmônica log,2018-05-01,553.4,537.5609325439037
1,Bloco 3 meses,Harmônica log,2018-06-01,566.3,560.3143393937638
1,Bloco 3 meses,Harmônica log,2018-07-01,648.4,627.9074401738435
1,Bloco 3 meses,Harmônica + resíduo,2018-05-01,553.4,531.1477674721557
1,Bloco 3 meses,Harmônica + resíduo,2018-06-01,566.3,558.068344157914
1,Bloco 3 meses,Harmônica + resíduo,2018-07-01,648.4,630.4044499753727
1,Bloco 6 meses,Média global,2020-03-01,549.3,575.359756097561
1,Bloco 6 meses,Média global,2020-04-01,557.2,575.359756097561
1,Bloco 6 meses,Média global,2020-05-01,592.6,575.359756097561
1,Bloco 6 meses,Média global,2020-06-01,635.0,575.359756097561
1,Bloco 6 meses,Média global,2020-07-01,682.4,575.359756097561
1,Bloco 6 meses,Média global,2020-08-01,729.4,575.359756097561
1,Bloco 6 meses,Linear,2020-03-01,549.3,469.1714285714286
1,Bloco 6 meses,Linear,2020-04-01,557.2,498.54285714285714
1,Bloco 6 meses,Linear,2020-05-01,592.6,527.9142857142857
1,Bloco 6 meses,Linear,2020-06-01,635.0,557.2857142857142
1,Bloco 6 meses,Linear,2020-07-01,682.4,586.6571428571428
1,Bloco 6 meses,Linear,2020-08-01,729.4,616.0285714285715
1,Bloco 6 meses,PCHIP,2020-03-01,549.3,451.18892128279884
1,Bloco 6 meses,PCHIP,2020-04-01,557.2,480.5603498542274
1,Bloco 6 meses,PCHIP,2020-05-01,592.6,520.7212827988338
1,Bloco 6 meses,PCHIP,2020-06-01,635.0,564.4787172011661
1,Bloco 6 meses,PCHIP,2020-07-01,682.4,604.6396501457726
1,Bloco 6 meses,PCHIP,2020-08-01,729.4,634.0110787172011
1,Bloco 6 meses,Harmônica log,2020-03-01,549.3,565.8341945153895
1,Bloco 6 meses,Harmônica log,2020-04-01,557.2,608.9261878420681
1,Bloco 6 meses,Harmônica log,2020-05-01,592.6,613.9755449793283
1,Bloco 6 meses,Harmônica log,2020-06-01,635.0,638.4599626982114
1,Bloco 6 meses,Harmônica log,2020-07-01,682.4,715.5247183495807
1,Bloco 6 meses,Harmônica log,2020-08-01,729.4,733.135137489507
1,Bloco 6 meses,Harmônica + resíduo,2020-03-01,549.3,469.1958214835859
1,Bloco 6 meses,Harmônica + resíduo,2020-04-01,557.2,521.006943612396
1,Bloco 6 meses,Harmônica + resíduo,2020-05-01,592.6,542.0556123274358
1,Bloco 6 meses,Harmônica + resíduo,2020-06-01,635.0,581.6213673697771
1,Bloco 6 meses,Harmônica + resíduo,2020-07-01,682.4,672.5819980343939
1,Bloco 6 meses,Harmônica + resíduo,2020-08-01,729.4,711.0801333253002
2,Aleatório 10%,Média global,2015-08-01,512.4,568.9762499999999
2,Aleatório 10%,Média global,2016-08-01,563.1,568.9762499999999
2,Aleatório 10%,Média global,2018-08-01,652.1,568.9762499999999
2,Aleatório 10%,Média global,2020-07-01,682.4,568.9762499999999
2,Aleatório 10%,Média global,2021-07-01,775.8,568.9762499999999
2,Aleatório 10%,Média global,2021-09-01,694.7,568.9762499999999
2,Aleatório 10%,Média global,2022-03-01,694.4,568.9762499999999
2,Aleatório 10%,Média global,2022-07-01,832.4,568.9762499999999
2,Aleatório 10%,Linear,2015-08-01,512.4,479.85
2,Aleatório 10%,Linear,2016-08-01,563.1,524.4
2,Aleatório 10%,Linear,2018-08-01,652.1,611.3
2,Aleatório 10%,Linear,2020-07-01,682.4,682.2
2,Aleatório 10%,Linear,2021-07-01,775.8,732.0
2,Aleatório 10%,Linear,2021-09-01,694.7,710.5
2,Aleatório 10%,Linear,2022-03-01,694.4,629.85
2,Aleatório 10%,Linear,2022-07-01,832.4,798.55
2,Aleatório 10%,PCHIP,2015-08-01,512.4,482.45327533265095
2,Aleatório 10%,PCHIP,2016-08-01,563.1,527.1776548672566
2,Aleatório 10%,PCHIP,2018-08-01,652.1,618.8153414970681
2,Aleatório 10%,PCHIP,2020-07-01,682.4,693.3017751479291
2,Aleatório 10%,PCHIP,2021-07-01,775.8,739.4704885810557
2,Aleatório 10%,PCHIP,2021-09-01,694.7,710.5
2,Aleatório 10%,PCHIP,2022-03-01,694.4,626.9323334294779
2,Aleatório 10%,PCHIP,2022-07-01,832.4,814.2992984409799
2,Aleatório 10%,Harmônica log,2015-08-01,512.4,540.1228195395689
2,Aleatório 10%,Harmônica log,2016-08-01,563.1,573.802715404142
2,Aleatório 10%,Harmônica log,2018-08-01,652.1,647.5938939260043
2,Aleatório 10%,Harmônica log,2020-07-01,682.4,711.1267135312607
2,Aleatório 10%,Harmônica log,2021-07-01,775.8,755.4697273640498
2,Aleatório 10%,Harmônica log,2021-09-01,694.7,684.4510289351108
2,Aleatório 10%,Harmônica log,2022-03-01,694.4,628.164405287305
2,Aleatório 10%,Harmônica log,2022-07-01,832.4,802.5777939481445
2,Aleatório 10%,Harmônica + resíduo,2015-08-01,512.4,517.5056322771767
2,Aleatório 10%,Harmônica + resíduo,2016-08-01,563.1,565.4320072540728
2,Aleatório 10%,Harmônica + resíduo,2018-08-01,652.1,658.8496779366654
2,Aleatório 10%,Harmônica + resíduo,2020-07-01,682.4,710.7102626258344
2,Aleatório 10%,Harmônica + resíduo,2021-07-01,775.8,763.8355397747407
2,Aleatório 10%,Harmônica + resíduo,2021-09-01,694.7,692.0485850382194
2,Aleatório 10%,Harmônica + resíduo,2022-03-01,694.4,614.322433317411
2,Aleatório 10%,Harmônica + resíduo,2022-07-01,832.4,832.050955431832
2,Aleatório 20%,Média global,2015-08-01,512.4,574.4722222222222
2,Aleatório 20%,Média global,2015-09-01,456.3,574.4722222222222
2,Aleatório 20%,Média global,2015-11-01,465.8,574.4722222222222
2,Aleatório 20%,Média global,2017-06-01,524.4,574.4722222222222
2,Aleatório 20%,Média global,2017-07-01,607.2,574.4722222222222
2,Aleatório 20%,Média global,2017-10-01,513.0,574.4722222222222
2,Aleatório 20%,Média global,2018-10-01,548.1,574.4722222222222
2,Aleatório 20%,Média global,2020-04-01,557.2,574.4722222222222
2,Aleatório 20%,Média global,2020-06-01,635.0,574.4722222222222
2,Aleatório 20%,Média global,2020-09-01,645.4,574.4722222222222
2,Aleatório 20%,Média global,2020-10-01,617.2,574.4722222222222
2,Aleatório 20%,Média global,2021-05-01,672.4,574.4722222222222
2,Aleatório 20%,Média global,2021-10-01,660.3,574.4722222222222
2,Aleatório 20%,Média global,2022-03-01,694.4,574.4722222222222
2,Aleatório 20%,Média global,2022-06-01,745.1,574.4722222222222
2,Aleatório 20%,Média global,2022-09-01,709.2,574.4722222222222
2,Aleatório 20%,Linear,2015-08-01,512.4,485.3
2,Aleatório 20%,Linear,2015-09-01,456.3,467.2
2,Aleatório 20%,Linear,2015-11-01,465.8,464.40000000000003
2,Aleatório 20%,Linear,2017-06-01,524.4,530.9
2,Aleatório 20%,Linear,2017-07-01,607.2,565.0
2,Aleatório 20%,Linear,2017-10-01,513.0,531.35
2,Aleatório 20%,Linear,2018-10-01,548.1,569.45
2,Aleatório 20%,Linear,2020-04-01,557.2,570.95
2,Aleatório 20%,Linear,2020-06-01,635.0,637.5
2,Aleatório 20%,Linear,2020-09-01,645.4,701.8333333333334
2,Aleatório 20%,Linear,2020-10-01,617.2,674.2666666666667
2,Aleatório 20%,Linear,2021-05-01,672.4,669.7
2,Aleatório 20%,Linear,2021-10-01,660.3,683.25
2,Aleatório 20%,Linear,2022-03-01,694.4,629.85
2,Aleatório 20%,Linear,2022-06-01,745.1,752.0
2,Aleatório 20%,Linear,2022-09-01,709.2,767.7
2,Aleatório 20%,PCHIP,2015-08-01,512.4,489.32222222222225
2,Aleatório 20%,PCHIP,2015-09-01,456.3,463.1777777777778
2,Aleatório 20%,PCHIP,2015-11-01,465.8,461.00000000000006
2,Aleatório 20%,PCHIP,2017-06-01,524.4,530.6771241830065
2,Aleatório 20%,PCHIP,2017-07-01,607.2,576.25522875817
2,Aleatório 20%,PCHIP,2017-10-01,513.0,531.1543946932007
2,Aleatório 20%,PCHIP,2018-10-01,548.1,566.9673512747876
2,Aleatório 20%,PCHIP,2020-04-01,557.2,573.4113755679991
2,Aleatório 20%,PCHIP,2020-06-01,635.0,633.2926912096168
2,Aleatório 20%,PCHIP,2020-09-01,645.4,707.9592592592593
2,Aleatório 20%,PCHIP,2020-10-01,617.2,668.1407407407409
2,Aleatório 20%,PCHIP,2021-05-01,672.4,657.7327510917031
2,Aleatório 20%,PCHIP,2021-10-01,660.3,677.9571595330739
2,Aleatório 20%,PCHIP,2022-03-01,694.4,626.9323334294779
2,Aleatório 20%,PCHIP,2022-06-01,745.1,756.3998640757425
2,Aleatório 20%,PCHIP,2022-09-01,709.2,767.9684713375796
2,Aleatório 20%,Harmônica log,2015-08-01,512.4,545.1084866781654
2,Aleatório 20%,Harmônica log,2015-09-01,456.3,475.45799522626925
2,Aleatório 20%,Harmônica log,2015-11-01,465.8,483.02543710200763
2,Aleatório 20%,Harmônica log,2017-06-01,524.4,523.8971157124097
2,Aleatório 20%,Harmônica log,2017-07-01,607.2,592.9553641293584
2,Aleatório 20%,Harmônica log,2017-10-01,513.0,490.8431436717215
2,Aleatório 20%,Harmônica log,2018-10-01,548.1,521.1135116777151
2,Aleatório 20%,Harmônica log,2020-04-01,557.2,604.3695676459464
2,Aleatório 20%,Harmônica log,2020-06-01,635.0,626.9238938595382
2,Aleatório 20%,Harmônica log,2020-09-01,645.4,641.2984343392636
2,Aleatório 20%,Harmônica log,2020-10-01,617.2,587.3697061425592
2,Aleatório 20%,Harmônica log,2021-05-01,672.4,644.1179857813288
2,Aleatório 20%,Harmônica log,2021-10-01,660.3,623.5928812846344
2,Aleatório 20%,Harmônica log,2022-03-01,694.4,628.3634601265363
2,Aleatório 20%,Harmônica log,2022-06-01,745.1,706.6331903859042
2,Aleatório 20%,Harmônica log,2022-09-01,709.2,722.8353602170567
2,Aleatório 20%,Harmônica + resíduo,2015-08-01,512.4,534.7979511811432
2,Aleatório 20%,Harmônica + resíduo,2015-09-01,456.3,478.2503741793959
2,Aleatório 20%,Harmônica + resíduo,2015-11-01,465.8,497.9240197127854
2,Aleatório 20%,Harmônica + resíduo,2017-06-01,524.4,512.5168128211191
2,Aleatório 20%,Harmônica + resíduo,2017-07-01,607.2,579.124102205984
2,Aleatório 20%,Harmônica + resíduo,2017-10-01,513.0,482.8397664833143
2,Aleatório 20%,Harmônica + resíduo,2018-10-01,548.1,517.4434912411474
2,Aleatório 20%,Harmônica + resíduo,2020-04-01,557.2,592.9040869430589
2,Aleatório 20%,Harmônica + resíduo,2020-06-01,635.0,607.6196858712425
2,Aleatório 20%,Harmônica + resíduo,2020-09-01,645.4,636.3240210667113
2,Aleatório 20%,Harmônica + resíduo,2020-10-01,617.2,582.9254679503597
2,Aleatório 20%,Harmônica + resíduo,2021-05-01,672.4,659.2499759654485
2,Aleatório 20%,Harmônica + resíduo,2021-10-01,660.3,620.7848215601188
2,Aleatório 20%,Harmônica + resíduo,2022-03-01,694.4,614.6842421978012
2,Aleatório 20%,Harmônica + resíduo,2022-06-01,745.1,714.4188134220133
2,Aleatório 20%,Harmônica + resíduo,2022-09-01,709.2,744.6397369166846
2,Bloco 3 meses,Média global,2022-05-01,671.6,572.6623529411766
2,Bloco 3 meses,Média global,2022-06-01,745.1,572.6623529411766
2,Bloco 3 meses,Média global,2022-07-01,832.4,572.6623529411766
2,Bloco 3 meses,Linear,2022-05-01,671.6,690.1500000000001
2,Bloco 3 meses,Linear,2022-06-01,745.1,744.1
2,Bloco 3 meses,Linear,2022-07-01,832.4,798.05
2,Bloco 3 meses,PCHIP,2022-05-01,671.6,669.91875
2,Bloco 3 meses,PCHIP,2022-06-01,745.1,744.0999999999999
2,Bloco 3 meses,PCHIP,2022-07-01,832.4,818.28125
2,Bloco 3 meses,Harmônica log,2022-05-01,671.6,690.4839186334563
2,Bloco 3 meses,Harmônica log,2022-06-01,745.1,717.4260406982609
2,Bloco 3 meses,Harmônica log,2022-07-01,832.4,802.4428073337185
2,Bloco 3 meses,Harmônica + resíduo,2022-05-01,671.6,659.8206263724501
2,Bloco 3 meses,Harmônica + resíduo,2022-06-01,745.1,703.6160897522698
2,Bloco 3 meses,Harmônica + resíduo,2022-07-01,832.4,807.7166222883487
2,Bloco 6 meses,Média global,2022-04-01,636.2,566.8158536585365
2,Bloco 6 meses,Média global,2022-05-01,671.6,566.8158536585365
2,Bloco 6 meses,Média global,2022-06-01,745.1,566.8158536585365
2,Bloco 6 meses,Média global,2022-07-01,832.4,566.8158536585365
2,Bloco 6 meses,Média global,2022-08-01,852.0,566.8158536585365
2,Bloco 6 meses,Média global,2022-09-01,709.2,566.8158536585365
2,Bloco 6 meses,Linear,2022-04-01,636.2,692.8285714285714
2,Bloco 6 meses,Linear,2022-05-01,671.6,691.2571428571429
2,Bloco 6 meses,Linear,2022-06-01,745.1,689.6857142857143
2,Bloco 6 meses,Linear,2022-07-01,832.4,688.1142857142856
2,Bloco 6 meses,Linear,2022-08-01,852.0,686.5428571428571
2,Bloco 6 meses,Linear,2022-09-01,709.2,684.9714285714285
2,Bloco 6 meses,PCHIP,2022-04-01,636.2,693.8863111770489
2,Bloco 6 meses,PCHIP,2022-05-01,671.6,692.5380440595511
2,Bloco 6 meses,PCHIP,2022-06-01,745.1,690.6443976745389
2,Bloco 6 meses,PCHIP,2022-07-01,832.4,688.4945710490451
2,Bloco 6 meses,PCHIP,2022-08-01,852.0,686.3777632101023
2,Bloco 6 meses,PCHIP,2022-09-01,709.2,684.583173184743
2,Bloco 6 meses,Harmônica log,2022-04-01,636.2,688.9238121237628
2,Bloco 6 meses,Harmônica log,2022-05-01,671.6,695.1259274862812
2,Bloco 6 meses,Harmônica log,2022-06-01,745.1,718.7784809667755
2,Bloco 6 meses,Harmônica log,2022-07-01,832.4,802.4576089664092
2,Bloco 6 meses,Harmônica log,2022-08-01,852.0,826.5241157769541
2,Bloco 6 meses,Harmônica log,2022-09-01,709.2,732.1297086439249
2,Bloco 6 meses,Harmônica + resíduo,2022-04-01,636.2,740.9794168181762
2,Bloco 6 meses,Harmônica + resíduo,2022-05-01,671.6,739.5429820096881
2,Bloco 6 meses,Harmônica + resíduo,2022-06-01,745.1,756.4147407393717
2,Bloco 6 meses,Harmônica + resíduo,2022-07-01,832.4,835.3183096179331
2,Bloco 6 meses,Harmônica + resíduo,2022-08-01,852.0,851.0408674835107
2,Bloco 6 meses,Harmônica + resíduo,2022-09-01,709.2,745.6721116741192
3,Aleatório 10%,Média global,2015-10-01,449.1,574.61875
3,Aleatório 10%,Média global,2017-03-01,513.9,574.61875
3,Aleatório 10%,Média global,2017-04-01,484.7,574.61875
3,Aleatório 10%,Média global,2021-08-01,760.7,574.61875
3,Aleatório 10%,Média global,2021-11-01,671.8,574.61875
3,Aleatório 10%,Média global,2022-03-01,694.4,574.61875
3,Aleatório 10%,Média global,2022-04-01,636.2,574.61875
3,Aleatório 10%,Média global,2022-06-01,745.1,574.61875
3,Aleatório 10%,Linear,2015-10-01,449.1,461.05
3,Aleatório 10%,Linear,2017-03-01,513.9,464.8
3,Aleatório 10%,Linear,2017-04-01,484.7,480.8
3,Aleatório 10%,Linear,2021-08-01,760.7,735.25
3,Aleatório 10%,Linear,2021-11-01,671.8,681.2666666666667
3,Aleatório 10%,Linear,2022-03-01,694.4,639.5333333333333
3,Aleatório 10%,Linear,2022-04-01,636.2,655.5666666666667
3,Aleatório 10%,Linear,2022-06-01,745.1,752.0
3,Aleatório 10%,PCHIP,2015-10-01,449.1,459.25801033591733
3,Aleatório 10%,PCHIP,2017-03-01,513.9,456.5340444444444
3,Aleatório 10%,PCHIP,2017-04-01,484.7,474.93475555555557
3,Aleatório 10%,PCHIP,2021-08-01,760.7,744.471595416483
3,Aleatório 10%,PCHIP,2021-11-01,671.8,676.6074074074074
3,Aleatório 10%,PCHIP,2022-03-01,694.4,629.7525428573471
3,Aleatório 10%,PCHIP,2022-04-01,636.2,646.693974603583
3,Aleatório 10%,PCHIP,2022-06-01,745.1,751.614456451735
3,Aleatório 10%,Harmônica log,2015-10-01,449.1,435.9939121301931
3,Aleatório 10%,Harmônica log,2017-03-01,513.9,461.14161383066227
3,Aleatório 10%,Harmônica log,2017-04-01,484.7,501.30941265266136
3,Aleatório 10%,Harmônica log,2021-08-01,760.7,780.816397605133
3,Aleatório 10%,Harmônica log,2021-11-01,671.8,701.2218724665322
3,Aleatório 10%,Harmônica log,2022-03-01,694.4,630.361014557884
3,Aleatório 10%,Harmônica log,2022-04-01,636.2,685.2686907653296
3,Aleatório 10%,Harmônica log,2022-06-01,745.1,719.3510140556601
3,Aleatório 10%,Harmônica + resíduo,2015-10-01,449.1,421.38754170273245
3,Aleatório 10%,Harmônica + resíduo,2017-03-01,513.9,457.97235848360987
3,Aleatório 10%,Harmônica + resíduo,2017-04-01,484.7,493.906641680627
3,Aleatório 10%,Harmônica + resíduo,2021-08-01,760.7,794.7023081819474
3,Aleatório 10%,Harmônica + resíduo,2021-11-01,671.8,730.274918995268
3,Aleatório 10%,Harmônica + resíduo,2022-03-01,694.4,630.4800847327749
3,Aleatório 10%,Harmônica + resíduo,2022-04-01,636.2,673.7914095068631
3,Aleatório 10%,Harmônica + resíduo,2022-06-01,745.1,718.685679567694
3,Aleatório 20%,Média global,2015-02-01,359.5,582.0144927536232
3,Aleatório 20%,Média global,2015-08-01,512.4,582.0144927536232
3,Aleatório 20%,Média global,2015-11-01,465.8,582.0144927536232
3,Aleatório 20%,Média global,2016-11-01,507.2,582.0144927536232
3,Aleatório 20%,Média global,2017-03-01,513.9,582.0144927536232
3,Aleatório 20%,Média global,2017-04-01,484.7,582.0144927536232
3,Aleatório 20%,Média global,2018-02-01,455.7,582.0144927536232
3,Aleatório 20%,Média global,2018-07-01,648.4,582.0144927536232
3,Aleatório 20%,Média global,2019-05-01,566.5,582.0144927536232
3,Aleatório 20%,Média global,2020-03-01,549.3,582.0144927536232
3,Aleatório 20%,Média global,2020-05-01,592.6,582.0144927536232
3,Aleatório 20%,Média global,2020-07-01,682.4,582.0144927536232
3,Aleatório 20%,Média global,2020-08-01,729.4,582.0144927536232
3,Aleatório 20%,Média global,2021-02-01,526.4,582.0144927536232
3,Aleatório 20%,Média global,2022-05-01,671.6,582.0144927536232
3,Aleatório 20%,Média global,2022-11-01,682.8,582.0144927536232
3,Aleatório 20%,Linear,2015-02-01,359.5,444.8
3,Aleatório 20%,Linear,2015-08-01,512.4,479.85
3,Aleatório 20%,Linear,2015-11-01,465.8,464.40000000000003
3,Aleatório 20%,Linear,2016-11-01,507.2,488.26666666666665
3,Aleatório 20%,Linear,2017-03-01,513.9,464.8
3,Aleatório 20%,Linear,2017-04-01,484.7,480.8
3,Aleatório 20%,Linear,2018-02-01,455.7,532.125
3,Aleatório 20%,Linear,2018-07-01,648.4,609.2
3,Aleatório 20%,Linear,2019-05-01,566.5,576.05
3,Aleatório 20%,Linear,2020-03-01,549.3,498.5
3,Aleatório 20%,Linear,2020-05-01,592.6,596.1
3,Aleatório 20%,Linear,2020-07-01,682.4,638.4666666666667
3,Aleatório 20%,Linear,2020-08-01,729.4,641.9333333333333
3,Aleatório 20%,Linear,2021-02-01,526.4,659.0
3,Aleatório 20%,Linear,2022-05-01,671.6,690.6500000000001
3,Aleatório 20%,Linear,2022-11-01,682.8,683.4
3,Aleatório 20%,PCHIP,2015-02-01,359.5,444.8
3,Aleatório 20%,PCHIP,2015-08-01,512.4,482.45327533265095
3,Aleatório 20%,PCHIP,2015-11-01,465.8,461.00000000000006
3,Aleatório 20%,PCHIP,2016-11-01,507.2,488.12241433012423
3,Aleatório 20%,PCHIP,2017-03-01,513.9,456.5340444444444
3,Aleatório 20%,PCHIP,2017-04-01,484.7,474.93475555555557
3,Aleatório 20%,PCHIP,2018-02-01,455.7,532.4360795454545
3,Aleatório 20%,PCHIP,2018-07-01,648.4,613.8793404735062
3,Aleatório 20%,PCHIP,2019-05-01,566.5,567.035329244674
3,Aleatório 20%,PCHIP,2020-03-01,549.3,486.8021004098361
3,Aleatório 20%,PCHIP,2020-05-01,592.6,606.1124201989852
3,Aleatório 20%,PCHIP,2020-07-01,682.4,640.6927041028362
3,Aleatório 20%,PCHIP,2020-08-01,729.4,644.2019076069738
3,Aleatório 20%,PCHIP,2021-02-01,526.4,662.1278313464236
3,Aleatório 20%,PCHIP,2022-05-01,671.6,673.439699493121
3,Aleatório 20%,PCHIP,2022-11-01,682.8,683.4
3,Aleatório 20%,Harmônica log,2015-02-01,359.5,400.542227427702
3,Aleatório 20%,Harmônica log,2015-08-01,512.4,531.1046036254565
3,Aleatório 20%,Harmônica log,2015-11-01,465.8,478.8394644873226
3,Aleatório 20%,Harmônica log,2016-11-01,507.2,510.00293898177085
3,Aleatório 20%,Harmônica log,2017-03-01,513.9,473.8026591519319
3,Aleatório 20%,Harmônica log,2017-04-01,484.7,501.1422631194988
3,Aleatório 20%,Harmônica log,2018-02-01,455.7,483.94558894970066
3,Aleatório 20%,Harmônica log,2018-07-01,648.4,633.9903065146053
3,Aleatório 20%,Harmônica log,2019-05-01,566.5,571.6947784765972
3,Aleatório 20%,Harmônica log,2020-03-01,549.3,572.4607575130239
3,Aleatório 20%,Harmônica log,2020-05-01,592.6,608.9013935719913
3,Aleatório 20%,Harmônica log,2020-07-01,682.4,719.1973896821082
3,Aleatório 20%,Harmônica log,2020-08-01,729.4,727.9369719082413
3,Aleatório 20%,Harmônica log,2021-02-01,526.4,584.7157104206857
3,Aleatório 20%,Harmônica log,2022-05-01,671.6,690.7365748827659
3,Aleatório 20%,Harmônica log,2022-11-01,682.8,744.5075958618867
3,Aleatório 20%,Harmônica + resíduo,2015-02-01,359.5,426.5609334562669
3,Aleatório 20%,Harmônica + resíduo,2015-08-01,512.4,512.1284800238161
3,Aleatório 20%,Harmônica + resíduo,2015-11-01,465.8,495.41246266685016
3,Aleatório 20%,Harmônica + resíduo,2016-11-01,507.2,521.4258852593551
3,Aleatório 20%,Harmônica + resíduo,2017-03-01,513.9,467.68252830686913
3,Aleatório 20%,Harmônica + resíduo,2017-04-01,484.7,494.34401328541816
3,Aleatório 20%,Harmônica + resíduo,2018-02-01,455.7,500.99782752986425
3,Aleatório 20%,Harmônica + resíduo,2018-07-01,648.4,639.0975125421929
3,Aleatório 20%,Harmônica + resíduo,2019-05-01,566.5,561.955697428638
3,Aleatório 20%,Harmônica + resíduo,2020-03-01,549.3,491.52232528943335
3,Aleatório 20%,Harmônica + resíduo,2020-05-01,592.6,580.7246872242026
3,Aleatório 20%,Harmônica + resíduo,2020-07-01,682.4,713.6838310962231
3,Aleatório 20%,Harmônica + resíduo,2020-08-01,729.4,725.211191413652
3,Aleatório 20%,Harmônica + resíduo,2021-02-01,526.4,620.4152858525539
3,Aleatório 20%,Harmônica + resíduo,2022-05-01,671.6,672.1744280440408
3,Aleatório 20%,Harmônica + resíduo,2022-11-01,682.8,739.0628427225109
3,Bloco 3 meses,Média global,2015-05-01,456.7,582.2705882352941
3,Bloco 3 meses,Média global,2015-06-01,472.3,582.2705882352941
3,Bloco 3 meses,Média global,2015-07-01,503.4,582.2705882352941
3,Bloco 3 meses,Linear,2015-05-01,456.7,459.225
3,Bloco 3 meses,Linear,2015-06-01,472.3,476.95
3,Bloco 3 meses,Linear,2015-07-01,503.4,494.67499999999995
3,Bloco 3 meses,PCHIP,2015-05-01,456.7,452.578125
3,Bloco 3 meses,PCHIP,2015-06-01,472.3,476.94999999999993
3,Bloco 3 meses,PCHIP,2015-07-01,503.4,501.321875
3,Bloco 3 meses,Harmônica log,2015-05-01,456.7,446.07851244377196
3,Bloco 3 meses,Harmônica log,2015-06-01,472.3,466.4738543003475
3,Bloco 3 meses,Harmônica log,2015-07-01,503.4,523.9544790892671
3,Bloco 3 meses,Harmônica + resíduo,2015-05-01,456.7,440.90100083446896
3,Bloco 3 meses,Harmônica + resíduo,2015-06-01,472.3,455.8430185158133
3,Bloco 3 meses,Harmônica + resíduo,2015-07-01,503.4,506.22055837852207
3,Bloco 6 meses,Média global,2022-03-01,694.4,566.9963414634146
3,Bloco 6 meses,Média global,2022-04-01,636.2,566.9963414634146
3,Bloco 6 meses,Média global,2022-05-01,671.6,566.9963414634146
3,Bloco 6 meses,Média global,2022-06-01,745.1,566.9963414634146
3,Bloco 6 meses,Média global,2022-07-01,832.4,566.9963414634146
3,Bloco 6 meses,Média global,2022-08-01,852.0,566.9963414634146
3,Bloco 6 meses,Linear,2022-03-01,694.4,635.7428571428571
3,Bloco 6 meses,Linear,2022-04-01,636.2,647.9857142857143
3,Bloco 6 meses,Linear,2022-05-01,671.6,660.2285714285714
3,Bloco 6 meses,Linear,2022-06-01,745.1,672.4714285714286
3,Bloco 6 meses,Linear,2022-07-01,832.4,684.7142857142858
3,Bloco 6 meses,Linear,2022-08-01,852.0,696.9571428571429
3,Bloco 6 meses,PCHIP,2022-03-01,694.4,628.2472303206997
3,Bloco 6 meses,PCHIP,2022-04-01,636.2,640.4900874635568
3,Bloco 6 meses,PCHIP,2022-05-01,671.6,657.2303206997084
3,Bloco 6 meses,PCHIP,2022-06-01,745.1,675.4696793002917
3,Bloco 6 meses,PCHIP,2022-07-01,832.4,692.2099125364432
3,Bloco 6 meses,PCHIP,2022-08-01,852.0,704.4527696793003
3,Bloco 6 meses,Harmônica log,2022-03-01,694.4,631.5144878144838
3,Bloco 6 meses,Harmônica log,2022-04-01,636.2,683.2183863614312
3,Bloco 6 meses,Harmônica log,2022-05-01,671.6,692.342745882585
3,Bloco 6 meses,Harmônica log,2022-06-01,745.1,716.3085015872231
3,Bloco 6 meses,Harmônica log,2022-07-01,832.4,798.2599761494313
3,Bloco 6 meses,Harmônica log,2022-08-01,852.0,821.5738396914695
3,Bloco 6 meses,Harmônica + resíduo,2022-03-01,694.4,637.4887530194113
3,Bloco 6 meses,Harmônica + resíduo,2022-04-01,636.2,685.6281142589239
3,Bloco 6 meses,Harmônica + resíduo,2022-05-01,671.6,690.7009955140493
3,Bloco 6 meses,Harmônica + resíduo,2022-06-01,745.1,710.4097363815243
3,Bloco 6 meses,Harmônica + resíduo,2022-07-01,832.4,787.0331359813384
3,Bloco 6 meses,Harmônica + resíduo,2022-08-01,852.0,805.2581489717383
4,Aleatório 10%,Média global,2015-02-01,359.5,581.7556962025316
4,Aleatório 10%,Média global,2017-04-01,484.7,581.7556962025316
4,Aleatório 10%,Média global,2017-11-01,531.0,581.7556962025316
4,Aleatório 10%,Média global,2020-03-01,549.3,581.7556962025316
4,Aleatório 10%,Média global,2020-05-01,592.6,581.7556962025316
4,Aleatório 10%,Média global,2020-10-01,617.2,581.7556962025316
4,Aleatório 10%,Média global,2021-03-01,663.1,581.7556962025316
4,Aleatório 10%,Média global,2022-10-01,683.4,581.7556962025316
4,Aleatório 10%,Linear,2015-02-01,359.5,444.8
4,Aleatório 10%,Linear,2017-04-01,484.7,505.35
4,Aleatório 10%,Linear,2017-11-01,531.0,541.8333333333334
4,Aleatório 10%,Linear,2020-03-01,549.3,498.5
4,Aleatório 10%,Linear,2020-05-01,592.6,596.1
4,Aleatório 10%,Linear,2020-10-01,617.2,646.05
4,Aleatório 10%,Linear,2021-03-01,663.1,581.25
4,Aleatório 10%,Linear,2022-10-01,683.4,696.0
4,Aleatório 10%,PCHIP,2015-02-01,359.5,444.8
4,Aleatório 10%,PCHIP,2017-04-01,484.7,505.34999999999997
4,Aleatório 10%,PCHIP,2017-11-01,531.0,535.425925925926
4,Aleatório 10%,PCHIP,2020-03-01,549.3,486.8021004098361
4,Aleatório 10%,PCHIP,2020-05-01,592.6,596.9968451772506
4,Aleatório 10%,PCHIP,2020-10-01,617.2,645.7298563218391
4,Aleatório 10%,PCHIP,2021-03-01,663.1,570.5696477530099
4,Aleatório 10%,PCHIP,2022-10-01,683.4,689.3440677966101
4,Aleatório 10%,Harmônica log,2015-02-01,359.5,402.478883907357
4,Aleatório 10%,Harmônica log,2017-04-01,484.7,501.45438853005487
4,Aleatório 10%,Harmônica log,2017-11-01,531.0,543.3666228949838
4,Aleatório 10%,Harmônica log,2020-03-01,549.3,561.7592864138593
4,Aleatório 10%,Harmônica log,2020-05-01,592.6,610.1964639155436
4,Aleatório 10%,Harmônica log,2020-10-01,617.2,596.8122973864182
4,Aleatório 10%,Harmônica log,2021-03-01,663.1,597.1684974503128
4,Aleatório 10%,Harmônica log,2022-10-01,683.4,674.4209006136537
4,Aleatório 10%,Harmônica + resíduo,2015-02-01,359.5,432.6042303866908
4,Aleatório 10%,Harmônica + resíduo,2017-04-01,484.7,519.8660440909016
4,Aleatório 10%,Harmônica + resíduo,2017-11-01,531.0,575.9905873066135
4,Aleatório 10%,Harmônica + resíduo,2020-03-01,549.3,484.7408761518366
4,Aleatório 10%,Harmônica + resíduo,2020-05-01,592.6,585.8982195643289
4,Aleatório 10%,Harmônica + resíduo,2020-10-01,617.2,595.2743253500005
4,Aleatório 10%,Harmônica + resíduo,2021-03-01,663.1,566.6268045671623
4,Aleatório 10%,Harmônica + resíduo,2022-10-01,683.4,641.1835329721993
4,Aleatório 20%,Média global,2015-02-01,359.5,574.0130434782609
4,Aleatório 20%,Média global,2015-05-01,456.7,574.0130434782609
4,Aleatório 20%,Média global,2016-02-01,381.2,574.0130434782609
4,Aleatório 20%,Média global,2016-06-01,492.5,574.0130434782609
4,Aleatório 20%,Média global,2018-03-01,532.5,574.0130434782609
4,Aleatório 20%,Média global,2018-05-01,553.4,574.0130434782609
4,Aleatório 20%,Média global,2019-07-01,667.2,574.0130434782609
4,Aleatório 20%,Média global,2020-05-01,592.6,574.0130434782609
4,Aleatório 20%,Média global,2020-07-01,682.4,574.0130434782609
4,Aleatório 20%,Média global,2020-10-01,617.2,574.0130434782609
4,Aleatório 20%,Média global,2020-11-01,646.7,574.0130434782609
4,Aleatório 20%,Média global,2021-04-01,636.1,574.0130434782609
4,Aleatório 20%,Média global,2021-07-01,775.8,574.0130434782609
4,Aleatório 20%,Média global,2022-02-01,623.5,574.0130434782609
4,Aleatório 20%,Média global,2022-06-01,745.1,574.0130434782609
4,Aleatório 20%,Média global,2022-08-01,852.0,574.0130434782609
4,Aleatório 20%,Linear,2015-02-01,359.5,444.8
4,Aleatório 20%,Linear,2015-05-01,456.7,456.9
4,Aleatório 20%,Linear,2016-02-01,381.2,473.6
4,Aleatório 20%,Linear,2016-06-01,492.5,512.65
4,Aleatório 20%,Linear,2018-03-01,532.5,488.70000000000005
4,Aleatório 20%,Linear,2018-05-01,553.4,544.0
4,Aleatório 20%,Linear,2019-07-01,667.2,637.85
4,Aleatório 20%,Linear,2020-05-01,592.6,596.1
4,Aleatório 20%,Linear,2020-07-01,682.4,682.2
4,Aleatório 20%,Linear,2020-10-01,617.2,667.15
4,Aleatório 20%,Linear,2020-11-01,646.7,688.9
4,Aleatório 20%,Linear,2021-04-01,636.1,667.75
4,Aleatório 20%,Linear,2021-07-01,775.8,732.0
4,Aleatório 20%,Linear,2022-02-01,623.5,688.75
4,Aleatório 20%,Linear,2022-06-01,745.1,752.0
4,Aleatório 20%,Linear,2022-08-01,852.0,770.8
4,Aleatório 20%,PCHIP,2015-02-01,359.5,444.8
4,Aleatório 20%,PCHIP,2015-05-01,456.7,451.5493793445879
4,Aleatório 20%,PCHIP,2016-02-01,381.2,475.563015776699
4,Aleatório 20%,PCHIP,2016-06-01,492.5,514.1281215898994
4,Aleatório 20%,PCHIP,2018-03-01,532.5,482.0462929475588
4,Aleatório 20%,PCHIP,2018-05-01,553.4,541.2893799326414
4,Aleatório 20%,PCHIP,2019-07-01,667.2,646.5895393621939
4,Aleatório 20%,PCHIP,2020-05-01,592.6,588.4956635670957
4,Aleatório 20%,PCHIP,2020-07-01,682.4,692.8624854819976
4,Aleatório 20%,PCHIP,2020-10-01,617.2,658.99375
4,Aleatório 20%,PCHIP,2020-11-01,646.7,688.9
4,Aleatório 20%,PCHIP,2021-04-01,636.1,668.0574377514149
4,Aleatório 20%,PCHIP,2021-07-01,775.8,739.4704885810557
4,Aleatório 20%,PCHIP,2022-02-01,623.5,692.3935075093866
4,Aleatório 20%,PCHIP,2022-06-01,745.1,763.7804635761589
4,Aleatório 20%,PCHIP,2022-08-01,852.0,779.4962062256809
4,Aleatório 20%,Harmônica log,2015-02-01,359.5,406.92856078512165
4,Aleatório 20%,Harmônica log,2015-05-01,456.7,445.72798965538954
4,Aleatório 20%,Harmônica log,2016-02-01,381.2,432.3461655627434
4,Aleatório 20%,Harmônica log,2016-06-01,492.5,499.560924649815
4,Aleatório 20%,Harmônica log,2018-03-01,532.5,501.9761614693442
4,Aleatório 20%,Harmônica log,2018-05-01,553.4,534.5769443136918
4,Aleatório 20%,Harmônica log,2019-07-01,667.2,670.4851531455953
4,Aleatório 20%,Harmônica log,2020-05-01,592.6,603.4441793830383
4,Aleatório 20%,Harmônica log,2020-07-01,682.4,712.3650511774197
4,Aleatório 20%,Harmônica log,2020-10-01,617.2,599.394594319057
4,Aleatório 20%,Harmônica log,2020-11-01,646.7,648.5776382807284
4,Aleatório 20%,Harmônica log,2021-04-01,636.1,635.154579785318
4,Aleatório 20%,Harmônica log,2021-07-01,775.8,756.8608547977973
4,Aleatório 20%,Harmônica log,2022-02-01,623.5,621.8881003155072
4,Aleatório 20%,Harmônica log,2022-06-01,745.1,718.5700236706416
4,Aleatório 20%,Harmônica log,2022-08-01,852.0,816.9817253584283
4,Aleatório 20%,Harmônica + resíduo,2015-02-01,359.5,432.4542557330246
4,Aleatório 20%,Harmônica + resíduo,2015-05-01,456.7,446.6911243194825
4,Aleatório 20%,Harmônica + resíduo,2016-02-01,381.2,451.9419665698491
4,Aleatório 20%,Harmônica + resíduo,2016-06-01,492.5,496.2385005535243
4,Aleatório 20%,Harmônica + resíduo,2018-03-01,532.5,481.4311896629601
4,Aleatório 20%,Harmônica + resíduo,2018-05-01,553.4,531.7000432312822
4,Aleatório 20%,Harmônica + resíduo,2019-07-01,667.2,668.1711616058383
4,Aleatório 20%,Harmônica + resíduo,2020-05-01,592.6,581.869258441779
4,Aleatório 20%,Harmônica + resíduo,2020-07-01,682.4,714.2635799966271
4,Aleatório 20%,Harmônica + resíduo,2020-10-01,617.2,623.6139177726391
4,Aleatório 20%,Harmônica + resíduo,2020-11-01,646.7,697.8088535139076
4,Aleatório 20%,Harmônica + resíduo,2021-04-01,636.1,682.6464309182899
4,Aleatório 20%,Harmônica + resíduo,2021-07-01,775.8,767.6544660441933
4,Aleatório 20%,Harmônica + resíduo,2022-02-01,623.5,657.2158681433012
4,Aleatório 20%,Harmônica + resíduo,2022-06-01,745.1,725.9283265614243
4,Aleatório 20%,Harmônica + resíduo,2022-08-01,852.0,822.5945071322946
4,Bloco 3 meses,Média global,2015-02-01,359.5,585.6392857142857
4,Bloco 3 meses,Média global,2015-03-01,444.8,585.6392857142857
4,Bloco 3 meses,Média global,2015-04-01,441.5,585.6392857142857
4,Bloco 3 meses,Linear,2015-02-01,359.5,456.7
4,Bloco 3 meses,Linear,2015-03-01,444.8,456.7
4,Bloco 3 meses,Linear,2015-04-01,441.5,456.7
4,Bloco 3 meses,PCHIP,2015-02-01,359.5,456.7
4,Bloco 3 meses,PCHIP,2015-03-01,444.8,456.7
4,Bloco 3 meses,PCHIP,2015-04-01,441.5,456.7
4,Bloco 3 meses,Harmônica log,2015-02-01,359.5,400.9928863603719
4,Bloco 3 meses,Harmônica log,2015-03-01,444.8,411.38296861837324
4,Bloco 3 meses,Harmônica log,2015-04-01,441.5,439.3519538320955
4,Bloco 3 meses,Harmônica + resíduo,2015-02-01,359.5,410.9625430576191
4,Bloco 3 meses,Harmônica + resíduo,2015-03-01,444.8,421.61094798590176
4,Bloco 3 meses,Harmônica + resíduo,2015-04-01,441.5,450.27531007596235
4,Bloco 6 meses,Média global,2018-04-01,521.7,578.1621951219512
4,Bloco 6 meses,Média global,2018-05-01,553.4,578.1621951219512
4,Bloco 6 meses,Média global,2018-06-01,566.3,578.1621951219512
4,Bloco 6 meses,Média global,2018-07-01,648.4,578.1621951219512
4,Bloco 6 meses,Média global,2018-08-01,652.1,578.1621951219512
4,Bloco 6 meses,Média global,2018-09-01,574.2,578.1621951219512
4,Bloco 6 meses,Linear,2018-04-01,521.7,534.7285714285714
4,Bloco 6 meses,Linear,2018-05-01,553.4,536.9571428571429
4,Bloco 6 meses,Linear,2018-06-01,566.3,539.1857142857143
4,Bloco 6 meses,Linear,2018-07-01,648.4,541.4142857142857
4,Bloco 6 meses,Linear,2018-08-01,652.1,543.6428571428571
4,Bloco 6 meses,Linear,2018-09-01,574.2,545.8714285714286
4,Bloco 6 meses,PCHIP,2018-04-01,521.7,536.9342560782715
4,Bloco 6 meses,PCHIP,2018-05-01,553.4,539.394953911441
4,Bloco 6 meses,PCHIP,2018-06-01,566.3,540.6250915166298
4,Bloco 6 meses,PCHIP,2018-07-01,648.4,541.367666910959
4,Bloco 6 meses,PCHIP,2018-08-01,652.1,542.3656781115496
4,Bloco 6 meses,PCHIP,2018-09-01,574.2,544.362123135523
4,Bloco 6 meses,Harmônica log,2018-04-01,521.7,533.0229783402015
4,Bloco 6 meses,Harmônica log,2018-05-01,553.4,538.073612046427
4,Bloco 6 meses,Harmônica log,2018-06-01,566.3,560.3078816458126
4,Bloco 6 meses,Harmônica log,2018-07-01,648.4,627.482795515091
4,Bloco 6 meses,Harmônica log,2018-08-01,652.1,643.6323926820642
4,Bloco 6 meses,Harmônica log,2018-09-01,574.2,568.4778084474814
4,Bloco 6 meses,Harmônica + resíduo,2018-04-01,521.7,568.5876269744427
4,Bloco 6 meses,Harmônica + resíduo,2018-05-01,553.4,571.3831527644509
4,Bloco 6 meses,Harmônica + resíduo,2018-06-01,566.3,592.3068187367037
4,Bloco 6 meses,Harmônica + resíduo,2018-07-01,648.4,660.3224870943975
4,Bloco 6 meses,Harmônica + resíduo,2018-08-01,652.1,674.2584867147342
4,Bloco 6 meses,Harmônica + resíduo,2018-09-01,574.2,592.8383748808033
5,Aleatório 10%,Média global,2016-02-01,381.2,582.0525641025641
5,Aleatório 10%,Média global,2016-03-01,476.2,582.0525641025641
5,Aleatório 10%,Média global,2017-11-01,531.0,582.0525641025641
5,Aleatório 10%,Média global,2018-04-01,521.7,582.0525641025641
5,Aleatório 10%,Média global,2019-10-01,579.0,582.0525641025641
5,Aleatório 10%,Média global,2020-02-01,439.8,582.0525641025641
5,Aleatório 10%,Média global,2021-07-01,775.8,582.0525641025641
5,Aleatório 10%,Média global,2022-06-01,745.1,582.0525641025641
5,Aleatório 10%,Linear,2016-02-01,381.2,460.46
5,Aleatório 10%,Linear,2016-03-01,476.2,458.68
5,Aleatório 10%,Linear,2017-11-01,531.0,541.8333333333334
5,Aleatório 10%,Linear,2018-04-01,521.7,542.95
5,Aleatório 10%,Linear,2019-10-01,579.0,596.6
5,Aleatório 10%,Linear,2020-02-01,439.8,559.775
5,Aleatório 10%,Linear,2021-07-01,775.8,732.0
5,Aleatório 10%,Linear,2022-06-01,745.1,752.0
5,Aleatório 10%,PCHIP,2016-02-01,381.2,460.0328
5,Aleatório 10%,PCHIP,2016-03-01,476.2,457.82559999999995
5,Aleatório 10%,PCHIP,2017-11-01,531.0,535.425925925926
5,Aleatório 10%,PCHIP,2018-04-01,521.7,545.0530082319635
5,Aleatório 10%,PCHIP,2019-10-01,579.0,595.5337657465485
5,Aleatório 10%,PCHIP,2020-02-01,439.8,554.5565277543088
5,Aleatório 10%,PCHIP,2021-07-01,775.8,739.4704885810557
5,Aleatório 10%,PCHIP,2022-06-01,745.1,756.3998640757425
5,Aleatório 10%,Harmônica log,2016-02-01,381.2,437.1468507478213
5,Aleatório 10%,Harmônica log,2016-03-01,476.2,442.4026020231372
5,Aleatório 10%,Harmônica log,2017-11-01,531.0,540.9645748882331
5,Aleatório 10%,Harmônica log,2018-04-01,521.7,529.7240764409397
5,Aleatório 10%,Harmônica log,2019-10-01,579.0,563.1304536286924
5,Aleatório 10%,Harmônica log,2020-02-01,439.8,561.2568836104981
5,Aleatório 10%,Harmônica log,2021-07-01,775.8,756.9562649725301
5,Aleatório 10%,Harmônica log,2022-06-01,745.1,722.4703407340197
5,Aleatório 10%,Harmônica + resíduo,2016-02-01,381.2,426.9427546205818
5,Aleatório 10%,Harmônica + resíduo,2016-03-01,476.2,432.2232493571751
5,Aleatório 10%,Harmônica + resíduo,2017-11-01,531.0,569.5309035806588
5,Aleatório 10%,Harmônica + resíduo,2018-04-01,521.7,554.3225090192378
5,Aleatório 10%,Harmônica + resíduo,2019-10-01,579.0,550.9100598727306
5,Aleatório 10%,Harmônica + resíduo,2020-02-01,439.8,542.4122502658354
5,Aleatório 10%,Harmônica + resíduo,2021-07-01,775.8,763.7646875673317
5,Aleatório 10%,Harmônica + resíduo,2022-06-01,745.1,724.8495782283989
5,Aleatório 20%,Média global,2015-07-01,503.4,580.4842857142858
5,Aleatório 20%,Média global,2015-08-01,512.4,580.4842857142858
5,Aleatório 20%,Média global,2016-04-01,456.9,580.4842857142858
5,Aleatório 20%,Média global,2016-05-01,473.0,580.4842857142858
5,Aleatório 20%,Média global,2017-05-01,496.8,580.4842857142858
5,Aleatório 20%,Média global,2017-06-01,524.4,580.4842857142858
5,Aleatório 20%,Média global,2017-09-01,531.7,580.4842857142858
5,Aleatório 20%,Média global,2018-02-01,455.7,580.4842857142858
5,Aleatório 20%,Média global,2018-03-01,532.5,580.4842857142858
5,Aleatório 20%,Média global,2018-11-01,564.7,580.4842857142858
5,Aleatório 20%,Média global,2019-08-01,677.0,580.4842857142858
5,Aleatório 20%,Média global,2020-02-01,439.8,580.4842857142858
5,Aleatório 20%,Média global,2021-04-01,636.1,580.4842857142858
5,Aleatório 20%,Média global,2021-08-01,760.7,580.4842857142858
5,Aleatório 20%,Média global,2022-03-01,694.4,580.4842857142858
5,Aleatório 20%,Média global,2022-08-01,852.0,580.4842857142858
5,Aleatório 20%,Linear,2015-07-01,503.4,466.9666666666667
5,Aleatório 20%,Linear,2015-08-01,512.4,461.6333333333333
5,Aleatório 20%,Linear,2016-04-01,456.9,481.6333333333333
5,Aleatório 20%,Linear,2016-05-01,473.0,487.06666666666666
5,Aleatório 20%,Linear,2017-05-01,496.8,525.5333333333333
5,Aleatório 20%,Linear,2017-06-01,524.4,566.3666666666667
5,Aleatório 20%,Linear,2017-09-01,531.7,556.05
5,Aleatório 20%,Linear,2018-02-01,455.7,525.4200000000001
5,Aleatório 20%,Linear,2018-03-01,532.5,523.5600000000001
5,Aleatório 20%,Linear,2018-11-01,564.7,571.1333333333333
5,Aleatório 20%,Linear,2019-08-01,677.0,634.6
5,Aleatório 20%,Linear,2020-02-01,439.8,559.775
5,Aleatório 20%,Linear,2021-04-01,636.1,667.75
5,Aleatório 20%,Linear,2021-08-01,760.7,735.25
5,Aleatório 20%,Linear,2022-03-01,694.4,629.85
5,Aleatório 20%,Linear,2022-08-01,852.0,770.8
5,Aleatório 20%,PCHIP,2015-07-01,503.4,469.5482154882155
5,Aleatório 20%,PCHIP,2015-08-01,512.4,463.24087542087545
5,Aleatório 20%,PCHIP,2016-04-01,456.9,483.2210613006944
5,Aleatório 20%,PCHIP,2016-05-01,473.0,485.8154851003961
5,Aleatório 20%,PCHIP,2017-05-01,496.8,516.4592592592592
5,Aleatório 20%,PCHIP,2017-06-01,524.4,575.4407407407408
5,Aleatório 20%,PCHIP,2017-09-01,531.7,552.8818746214416
5,Aleatório 20%,PCHIP,2018-02-01,455.7,524.9736
5,Aleatório 20%,PCHIP,2018-03-01,532.5,522.6672000000001
5,Aleatório 20%,PCHIP,2018-11-01,564.7,566.0148148148148
5,Aleatório 20%,PCHIP,2019-08-01,677.0,641.2158823529412
5,Aleatório 20%,PCHIP,2020-02-01,439.8,555.846875
5,Aleatório 20%,PCHIP,2021-04-01,636.1,668.0574377514149
5,Aleatório 20%,PCHIP,2021-08-01,760.7,744.471595416483
5,Aleatório 20%,PCHIP,2022-03-01,694.4,626.9323334294779
5,Aleatório 20%,PCHIP,2022-08-01,852.0,779.4962062256809
5,Aleatório 20%,Harmônica log,2015-07-01,503.4,526.5341933335523
5,Aleatório 20%,Harmônica log,2015-08-01,512.4,537.5009410132442
5,Aleatório 20%,Harmônica log,2016-04-01,456.9,468.4773643267338
5,Aleatório 20%,Harmônica log,2016-05-01,473.0,476.97055718507875
5,Aleatório 20%,Harmônica log,2017-05-01,496.8,507.1517950933644
5,Aleatório 20%,Harmônica log,2017-06-01,524.4,533.1951336183415
5,Aleatório 20%,Harmônica log,2017-09-01,531.7,537.9507720751888
5,Aleatório 20%,Harmônica log,2018-02-01,455.7,489.69426447588194
5,Aleatório 20%,Harmônica log,2018-03-01,532.5,497.97650899765966
5,Aleatório 20%,Harmônica log,2018-11-01,564.7,576.6057777030202
5,Aleatório 20%,Harmônica log,2019-08-01,677.0,687.0127728426937
5,Aleatório 20%,Harmônica log,2020-02-01,439.8,553.6276966246145
5,Aleatório 20%,Harmônica log,2021-04-01,636.1,636.67909442279
5,Aleatório 20%,Harmônica log,2021-08-01,760.7,776.7076859429353
5,Aleatório 20%,Harmônica log,2022-03-01,694.4,636.4941828977684
5,Aleatório 20%,Harmônica log,2022-08-01,852.0,825.8553725275838
5,Aleatório 20%,Harmônica + resíduo,2015-07-01,503.4,519.7284943565834
5,Aleatório 20%,Harmônica + resíduo,2015-08-01,512.4,522.9432546161854
5,Aleatório 20%,Harmônica + resíduo,2016-04-01,456.9,490.52330626356155
5,Aleatório 20%,Harmônica + resíduo,2016-05-01,473.0,483.6824344433037
5,Aleatório 20%,Harmônica + resíduo,2017-05-01,496.8,501.30354135022054
5,Aleatório 20%,Harmônica + resíduo,2017-06-01,524.4,535.3943401287111
5,Aleatório 20%,Harmônica + resíduo,2017-09-01,531.7,541.6704697985722
5,Aleatório 20%,Harmônica + resíduo,2018-02-01,455.7,481.2086754697428
5,Aleatório 20%,Harmônica + resíduo,2018-03-01,532.5,489.9285957001011
5,Aleatório 20%,Harmônica + resíduo,2018-11-01,564.7,602.9541195818844
5,Aleatório 20%,Harmônica + resíduo,2019-08-01,677.0,680.561428804238
5,Aleatório 20%,Harmônica + resíduo,2020-02-01,439.8,538.5810048148138
5,Aleatório 20%,Harmônica + resíduo,2021-04-01,636.1,682.4772198747374
5,Aleatório 20%,Harmônica + resíduo,2021-08-01,760.7,788.3418899788716
5,Aleatório 20%,Harmônica + resíduo,2022-03-01,694.4,615.8439898631393
5,Aleatório 20%,Harmônica + resíduo,2022-08-01,852.0,825.0712731517733
5,Bloco 3 meses,Média global,2016-09-01,496.5,581.5611764705883
5,Bloco 3 meses,Média global,2016-10-01,489.0,581.5611764705883
5,Bloco 3 meses,Média global,2016-11-01,507.2,581.5611764705883
5,Bloco 3 meses,Linear,2016-09-01,496.5,547.84
5,Bloco 3 meses,Linear,2016-10-01,489.0,532.58
5,Bloco 3 meses,Linear,2016-11-01,507.2,517.32
5,Bloco 3 meses,PCHIP,2016-09-01,496.5,559.014093320426
5,Bloco 3 meses,PCHIP,2016-10-01,489.0,547.7902799612779
5,Bloco 3 meses,PCHIP,2016-11-01,507.2,530.9794199419167
5,Bloco 3 meses,Harmônica log,2016-09-01,496.5,501.6726179445938
5,Bloco 3 meses,Harmônica log,2016-10-01,489.0,464.77399183014296
5,Bloco 3 meses,Harmônica log,2016-11-01,507.2,510.57982055521364
5,Bloco 3 meses,Harmônica + resíduo,2016-09-01,496.5,493.16063740837393
5,Bloco 3 meses,Harmônica + resíduo,2016-10-01,489.0,454.5571484390612
5,Bloco 3 meses,Harmônica + resíduo,2016-11-01,507.2,496.80846520358955
5,Bloco 6 meses,Média global,2017-06-01,524.4,580.719512195122
5,Bloco 6 meses,Média global,2017-07-01,607.2,580.719512195122
5,Bloco 6 meses,Média global,2017-08-01,599.1,580.719512195122
5,Bloco 6 meses,Média global,2017-09-01,531.7,580.719512195122
5,Bloco 6 meses,Média global,2017-10-01,513.0,580.719512195122
5,Bloco 6 meses,Média global,2017-11-01,531.0,580.719512195122
5,Bloco 6 meses,Linear,2017-06-01,524.4,509.6375
5,Bloco 6 meses,Linear,2017-07-01,607.2,522.475
5,Bloco 6 meses,Linear,2017-08-01,599.1,535.3125
5,Bloco 6 meses,Linear,2017-09-01,531.7,548.15
5,Bloco 6 meses,Linear,2017-10-01,513.0,560.9875
5,Bloco 6 meses,Linear,2017-11-01,531.0,573.825
5,Bloco 6 meses,PCHIP,2017-06-01,524.4,510.67835320882773
5,Bloco 6 meses,PCHIP,2017-07-01,607.2,526.755309817053
5,Bloco 6 meses,PCHIP,2017-08-01,599.1,543.7828748094303
5,Bloco 6 meses,PCHIP,2017-09-01,531.7,560.5130531707136
5,Bloco 6 meses,PCHIP,2017-10-01,513.0,575.6978498856581
5,Bloco 6 meses,PCHIP,2017-11-01,531.0,588.0892699390178
5,Bloco 6 meses,Harmônica log,2017-06-01,524.4,527.5116327162806
5,Bloco 6 meses,Harmônica log,2017-07-01,607.2,591.1603900103818
5,Bloco 6 meses,Harmônica log,2017-08-01,599.1,606.2268899090134
5,Bloco 6 meses,Harmônica log,2017-09-01,531.7,534.3485486833146
5,Bloco 6 meses,Harmônica log,2017-10-01,513.0,495.65024815584184
5,Bloco 6 meses,Harmônica log,2017-11-01,531.0,544.6606413919982
5,Bloco 6 meses,Harmônica + resíduo,2017-06-01,524.4,525.835134138839
5,Bloco 6 meses,Harmônica + resíduo,2017-07-01,607.2,598.7117057858952
5,Bloco 6 meses,Harmônica + resíduo,2017-08-01,599.1,623.7958506067278
5,Bloco 6 meses,Harmônica + resíduo,2017-09-01,531.7,558.6332515872431
5,Bloco 6 meses,Harmônica + resíduo,2017-10-01,513.0,526.4684372383788
5,Bloco 6 meses,Harmônica + resíduo,2017-11-01,531.0,587.7841458704227
6,Aleatório 10%,Média global,2015-04-01,441.5,571.74375
6,Aleatório 10%,Média global,2016-04-01,456.9,571.74375
6,Aleatório 10%,Média global,2019-03-01,573.2,571.74375
6,Aleatório 10%,Média global,2021-07-01,775.8,571.74375
6,Aleatório 10%,Média global,2021-08-01,760.7,571.74375
6,Aleatório 10%,Média global,2022-04-01,636.2,571.74375
6,Aleatório 10%,Média global,2022-07-01,832.4,571.74375
6,Aleatório 10%,Média global,2022-09-01,709.2,571.74375
6,Aleatório 10%,Linear,2015-04-01,441.5,450.75
6,Aleatório 10%,Linear,2016-04-01,456.9,474.6
6,Aleatório 10%,Linear,2019-03-01,573.2,521.25
6,Aleatório 10%,Linear,2021-07-01,775.8,700.4333333333333
6,Aleatório 10%,Linear,2021-08-01,760.7,697.5666666666667
6,Aleatório 10%,Linear,2022-04-01,636.2,683.0
6,Aleatório 10%,Linear,2022-07-01,832.4,798.55
6,Aleatório 10%,Linear,2022-09-01,709.2,767.7
6,Aleatório 10%,PCHIP,2015-04-01,441.5,451.5620981423026
6,Aleatório 10%,PCHIP,2016-04-01,456.9,474.6
6,Aleatório 10%,PCHIP,2019-03-01,573.2,516.8042047853625
6,Aleatório 10%,PCHIP,2021-07-01,775.8,702.439524599226
6,Aleatório 10%,PCHIP,2021-08-01,760.7,699.6679380873411
6,Aleatório 10%,PCHIP,2022-04-01,636.2,683.0
6,Aleatório 10%,PCHIP,2022-07-01,832.4,814.2992984409799
6,Aleatório 10%,PCHIP,2022-09-01,709.2,767.9684713375796
6,Aleatório 10%,Harmônica log,2015-04-01,441.5,444.8536175131457
6,Aleatório 10%,Harmônica log,2016-04-01,456.9,473.45570844224113
6,Aleatório 10%,Harmônica log,2019-03-01,573.2,526.9054652848561
6,Aleatório 10%,Harmônica log,2021-07-01,775.8,754.0855244852106
6,Aleatório 10%,Harmônica log,2021-08-01,760.7,778.9065509834794
6,Aleatório 10%,Harmônica log,2022-04-01,636.2,688.1018745659435
6,Aleatório 10%,Harmônica log,2022-07-01,832.4,802.5698390788846
6,Aleatório 10%,Harmônica log,2022-09-01,709.2,733.7093999135136
6,Aleatório 10%,Harmônica + resíduo,2015-04-01,441.5,466.5308153269401
6,Aleatório 10%,Harmônica + resíduo,2016-04-01,456.9,491.2558169581161
6,Aleatório 10%,Harmônica + resíduo,2019-03-01,573.2,507.4655779651519
6,Aleatório 10%,Harmônica + resíduo,2021-07-01,775.8,777.0492892574415
6,Aleatório 10%,Harmônica + resíduo,2021-08-01,760.7,793.7195206395442
6,Aleatório 10%,Harmônica + resíduo,2022-04-01,636.2,706.8750285446818
6,Aleatório 10%,Harmônica + resíduo,2022-07-01,832.4,828.6512831852036
6,Aleatório 10%,Harmônica + resíduo,2022-09-01,709.2,747.0482668207733
6,Aleatório 20%,Média global,2015-06-01,472.3,574.9
6,Aleatório 20%,Média global,2016-03-01,476.2,574.9
6,Aleatório 20%,Média global,2017-10-01,513.0,574.9
6,Aleatório 20%,Média global,2017-11-01,531.0,574.9
6,Aleatório 20%,Média global,2018-02-01,455.7,574.9
6,Aleatório 20%,Média global,2019-02-01,489.1,574.9
6,Aleatório 20%,Média global,2019-03-01,573.2,574.9
6,Aleatório 20%,Média global,2019-04-01,553.4,574.9
6,Aleatório 20%,Média global,2019-08-01,677.0,574.9
6,Aleatório 20%,Média global,2020-03-01,549.3,574.9
6,Aleatório 20%,Média global,2020-04-01,557.2,574.9
6,Aleatório 20%,Média global,2021-04-01,636.1,574.9
6,Aleatório 20%,Média global,2021-07-01,775.8,574.9
6,Aleatório 20%,Média global,2022-05-01,671.6,574.9
6,Aleatório 20%,Média global,2022-08-01,852.0,574.9
6,Aleatório 20%,Média global,2022-11-01,682.8,574.9
6,Aleatório 20%,Linear,2015-06-01,472.3,480.04999999999995
6,Aleatório 20%,Linear,2016-03-01,476.2,419.04999999999995
6,Aleatório 20%,Linear,2017-10-01,513.0,531.8333333333334
6,Aleatório 20%,Linear,2017-11-01,531.0,531.9666666666667
6,Aleatório 20%,Linear,2018-02-01,455.7,532.3666666666667
6,Aleatório 20%,Linear,2019-02-01,489.1,565.6
6,Aleatório 20%,Linear,2019-03-01,573.2,565.9
6,Aleatório 20%,Linear,2019-04-01,553.4,566.2
6,Aleatório 20%,Linear,2019-08-01,677.0,634.6
6,Aleatório 20%,Linear,2020-03-01,549.3,490.73333333333335
6,Aleatório 20%,Linear,2020-04-01,557.2,541.6666666666667
6,Aleatório 20%,Linear,2021-04-01,636.1,667.75
6,Aleatório 20%,Linear,2021-07-01,775.8,732.0
6,Aleatório 20%,Linear,2022-05-01,671.6,690.6500000000001
6,Aleatório 20%,Linear,2022-08-01,852.0,770.8
6,Aleatório 20%,Linear,2022-11-01,682.8,683.4
6,Aleatório 20%,PCHIP,2015-06-01,472.3,481.45221977073834
6,Aleatório 20%,PCHIP,2016-03-01,476.2,413.6444559432288
6,Aleatório 20%,PCHIP,2017-10-01,513.0,531.7592592592592
6,Aleatório 20%,PCHIP,2017-11-01,531.0,531.9074074074074
6,Aleatório 20%,PCHIP,2018-02-01,455.7,532.4407407407407
6,Aleatório 20%,PCHIP,2019-02-01,489.1,565.5919582455057
6,Aleatório 20%,PCHIP,2019-03-01,573.2,565.6837877344658
6,Aleatório 20%,PCHIP,2019-04-01,553.4,565.934202309468
6,Aleatório 20%,PCHIP,2019-08-01,677.0,641.2158823529412
6,Aleatório 20%,PCHIP,2020-03-01,549.3,469.28548398304497
6,Aleatório 20%,PCHIP,2020-04-01,557.2,532.7265235216455
6,Aleatório 20%,PCHIP,2021-04-01,636.1,668.0574377514149
6,Aleatório 20%,PCHIP,2021-07-01,775.8,739.4704885810557
6,Aleatório 20%,PCHIP,2022-05-01,671.6,673.439699493121
6,Aleatório 20%,PCHIP,2022-08-01,852.0,779.4962062256809
6,Aleatório 20%,PCHIP,2022-11-01,682.8,683.4
6,Aleatório 20%,Harmônica log,2015-06-01,472.3,463.4353480913503
6,Aleatório 20%,Harmônica log,2016-03-01,476.2,437.4631732154077
6,Aleatório 20%,Harmônica log,2017-10-01,513.0,497.02069930762434
6,Aleatório 20%,Harmônica log,2017-11-01,531.0,546.5161561468559
6,Aleatório 20%,Harmônica log,2018-02-01,455.7,477.37642880110445
6,Aleatório 20%,Harmônica log,2019-02-01,489.1,508.9257209591758
6,Aleatório 20%,Harmônica log,2019-03-01,573.2,530.0560389172155
6,Aleatório 20%,Harmônica log,2019-04-01,553.4,572.4577547091806
6,Aleatório 20%,Harmônica log,2019-08-01,677.0,684.3968280607538
6,Aleatório 20%,Harmônica log,2020-03-01,549.3,565.0868695636868
6,Aleatório 20%,Harmônica log,2020-04-01,557.2,610.2908689180899
6,Aleatório 20%,Harmônica log,2021-04-01,636.1,650.6243327492549
6,Aleatório 20%,Harmônica log,2021-07-01,775.8,760.3162166855655
6,Aleatório 20%,Harmônica log,2022-05-01,671.6,698.8880360463438
6,Aleatório 20%,Harmônica log,2022-08-01,852.0,829.2553383705317
6,Aleatório 20%,Harmônica log,2022-11-01,682.8,752.6102896075852
6,Aleatório 20%,Harmônica + resíduo,2015-06-01,472.3,462.0804858640493
6,Aleatório 20%,Harmônica + resíduo,2016-03-01,476.2,409.83579797806567
6,Aleatório 20%,Harmônica + resíduo,2017-10-01,513.0,502.42879695932095
6,Aleatório 20%,Harmônica + resíduo,2017-11-01,531.0,558.8835073618615
6,Aleatório 20%,Harmônica + resíduo,2018-02-01,455.7,505.3985416187975
6,Aleatório 20%,Harmônica + resíduo,2019-02-01,489.1,496.5367247721448
6,Aleatório 20%,Harmônica + resíduo,2019-03-01,573.2,518.2953374070526
6,Aleatório 20%,Harmônica + resíduo,2019-04-01,553.4,560.9930726552969
6,Aleatório 20%,Harmônica + resíduo,2019-08-01,677.0,681.9376967225072
6,Aleatório 20%,Harmônica + resíduo,2020-03-01,549.3,485.25175277409886
6,Aleatório 20%,Harmônica + resíduo,2020-04-01,557.2,555.1793068853144
6,Aleatório 20%,Harmônica + resíduo,2021-04-01,636.1,691.3090729555764
6,Aleatório 20%,Harmônica + resíduo,2021-07-01,775.8,764.4498171388026
6,Aleatório 20%,Harmônica + resíduo,2022-05-01,671.6,678.3881827996292
6,Aleatório 20%,Harmônica + resíduo,2022-08-01,852.0,826.7397766482461
6,Aleatório 20%,Harmônica + resíduo,2022-11-01,682.8,751.4559084381208
6,Bloco 3 meses,Média global,2015-09-01,456.3,582.9905882352941
6,Bloco 3 meses,Média global,2015-10-01,449.1,582.9905882352941
6,Bloco 3 meses,Média global,2015-11-01,465.8,582.9905882352941
6,Bloco 3 meses,Linear,2015-09-01,456.3,508.91999999999996
6,Bloco 3 meses,Linear,2015-10-01,449.1,505.44
6,Bloco 3 meses,Linear,2015-11-01,465.8,501.96
6,Bloco 3 meses,PCHIP,2015-09-01,456.3,511.9565234189344
6,Bloco 3 meses,PCHIP,2015-10-01,449.1,510.37357025680336
6,Bloco 3 meses,PCHIP,2015-11-01,465.8,507.27235538520506
6,Bloco 3 meses,Harmônica log,2015-09-01,456.3,473.56640784861474
6,Bloco 3 meses,Harmônica log,2015-10-01,449.1,439.39570001989273
6,Bloco 3 meses,Harmônica log,2015-11-01,465.8,482.25105136232713
6,Bloco 3 meses,Harmônica + resíduo,2015-09-01,456.3,459.9096405813604
6,Bloco 3 meses,Harmônica + resíduo,2015-10-01,449.1,434.1695127039465
6,Bloco 3 meses,Harmônica + resíduo,2015-11-01,465.8,484.8290135434663
6,Bloco 6 meses,Média global,2015-02-01,359.5,589.6456790123457
6,Bloco 6 meses,Média global,2015-03-01,444.8,589.6456790123457
6,Bloco 6 meses,Média global,2015-04-01,441.5,589.6456790123457
6,Bloco 6 meses,Média global,2015-05-01,456.7,589.6456790123457
6,Bloco 6 meses,Média global,2015-06-01,472.3,589.6456790123457
6,Bloco 6 meses,Média global,2015-07-01,503.4,589.6456790123457
6,Bloco 6 meses,Linear,2015-02-01,359.5,512.4
6,Bloco 6 meses,Linear,2015-03-01,444.8,512.4
6,Bloco 6 meses,Linear,2015-04-01,441.5,512.4
6,Bloco 6 meses,Linear,2015-05-01,456.7,512.4
6,Bloco 6 meses,Linear,2015-06-01,472.3,512.4
6,Bloco 6 meses,Linear,2015-07-01,503.4,512.4
6,Bloco 6 meses,PCHIP,2015-02-01,359.5,512.4
6,Bloco 6 meses,PCHIP,2015-03-01,444.8,512.4
6,Bloco 6 meses,PCHIP,2015-04-01,441.5,512.4
6,Bloco 6 meses,PCHIP,2015-05-01,456.7,512.4
6,Bloco 6 meses,PCHIP,2015-06-01,472.3,512.4
6,Bloco 6 meses,PCHIP,2015-07-01,503.4,512.4
6,Bloco 6 meses,Harmônica log,2015-02-01,359.5,401.08341257440065
6,Bloco 6 meses,Harmônica log,2015-03-01,444.8,411.6916941609052
6,Bloco 6 meses,Harmônica log,2015-04-01,441.5,438.7154127336199
6,Bloco 6 meses,Harmônica log,2015-05-01,456.7,444.28577000306854
6,Bloco 6 meses,Harmônica log,2015-06-01,472.3,466.63005996867616
6,Bloco 6 meses,Harmônica log,2015-07-01,503.4,523.0126926996164
6,Bloco 6 meses,Harmônica + resíduo,2015-02-01,359.5,384.8614141876503
6,Bloco 6 meses,Harmônica + resíduo,2015-03-01,444.8,395.0406390707676
6,Bloco 6 meses,Harmônica + resíduo,2015-04-01,441.5,420.9713712338057
6,Bloco 6 meses,Harmônica + resíduo,2015-05-01,456.7,426.316432906863
6,Bloco 6 meses,Harmônica + resíduo,2015-06-01,472.3,447.7569980501235
6,Bloco 6 meses,Harmônica + resíduo,2015-07-01,503.4,501.859209929622
7,Aleatório 10%,Média global,2016-05-01,473.0,572.3487499999999
7,Aleatório 10%,Média global,2017-11-01,531.0,572.3487499999999
7,Aleatório 10%,Média global,2018-11-01,564.7,572.3487499999999
7,Aleatório 10%,Média global,2021-03-01,663.1,572.3487499999999
7,Aleatório 10%,Média global,2021-05-01,672.4,572.3487499999999
7,Aleatório 10%,Média global,2022-04-01,636.2,572.3487499999999
7,Aleatório 10%,Média global,2022-06-01,745.1,572.3487499999999
7,Aleatório 10%,Média global,2022-08-01,852.0,572.3487499999999
7,Aleatório 10%,Linear,2016-05-01,473.0,474.7
7,Aleatório 10%,Linear,2017-11-01,531.0,541.8333333333334
7,Aleatório 10%,Linear,2018-11-01,564.7,571.1333333333333
7,Aleatório 10%,Linear,2021-03-01,663.1,581.25
7,Aleatório 10%,Linear,2021-05-01,672.4,669.7
7,Aleatório 10%,Linear,2022-04-01,636.2,683.0
7,Aleatório 10%,Linear,2022-06-01,745.1,752.0
7,Aleatório 10%,Linear,2022-08-01,852.0,770.8
7,Aleatório 10%,PCHIP,2016-05-01,473.0,467.4026508226691
7,Aleatório 10%,PCHIP,2017-11-01,531.0,535.425925925926
7,Aleatório 10%,PCHIP,2018-11-01,564.7,566.0148148148148
7,Aleatório 10%,PCHIP,2021-03-01,663.1,570.8319106840023
7,Aleatório 10%,PCHIP,2021-05-01,672.4,668.1508404077007
7,Aleatório 10%,PCHIP,2022-04-01,636.2,683.0
7,Aleatório 10%,PCHIP,2022-06-01,745.1,752.0
7,Aleatório 10%,PCHIP,2022-08-01,852.0,779.4962062256809
7,Aleatório 10%,Harmônica log,2016-05-01,473.0,477.0491982514006
7,Aleatório 10%,Harmônica log,2017-11-01,531.0,549.2381314811147
7,Aleatório 10%,Harmônica log,2018-11-01,564.7,583.8109954912603
7,Aleatório 10%,Harmônica log,2021-03-01,663.1,593.6341866596526
7,Aleatório 10%,Harmônica log,2021-05-01,672.4,647.3231166295551
7,Aleatório 10%,Harmônica log,2022-04-01,636.2,680.7354306687712
7,Aleatório 10%,Harmônica log,2022-06-01,745.1,715.046261968824
7,Aleatório 10%,Harmônica log,2022-08-01,852.0,822.692917749348
7,Aleatório 10%,Harmônica + resíduo,2016-05-01,473.0,467.8322474278923
7,Aleatório 10%,Harmônica + resíduo,2017-11-01,531.0,580.8198061931162
7,Aleatório 10%,Harmônica + resíduo,2018-11-01,564.7,612.9362197445512
7,Aleatório 10%,Harmônica + resíduo,2021-03-01,663.1,565.2987895570591
7,Aleatório 10%,Harmônica + resíduo,2021-05-01,672.4,659.6437686936248
7,Aleatório 10%,Harmônica + resíduo,2022-04-01,636.2,705.5161437785093
7,Aleatório 10%,Harmônica + resíduo,2022-06-01,745.1,720.0801417950875
7,Aleatório 10%,Harmônica + resíduo,2022-08-01,852.0,828.9494440343888
7,Aleatório 20%,Média global,2015-02-01,359.5,580.9217391304347
7,Aleatório 20%,Média global,2015-05-01,456.7,580.9217391304347
7,Aleatório 20%,Média global,2015-06-01,472.3,580.9217391304347
7,Aleatório 20%,Média global,2015-11-01,465.8,580.9217391304347
7,Aleatório 20%,Média global,2016-10-01,489.0,580.9217391304347
7,Aleatório 20%,Média global,2017-10-01,513.0,580.9217391304347
7,Aleatório 20%,Média global,2018-02-01,455.7,580.9217391304347
7,Aleatório 20%,Média global,2018-07-01,648.4,580.9217391304347
7,Aleatório 20%,Média global,2019-03-01,573.2,580.9217391304347
7,Aleatório 20%,Média global,2019-07-01,667.2,580.9217391304347
7,Aleatório 20%,Média global,2019-09-01,602.0,580.9217391304347
7,Aleatório 20%,Média global,2020-08-01,729.4,580.9217391304347
7,Aleatório 20%,Média global,2020-09-01,645.4,580.9217391304347
7,Aleatório 20%,Média global,2021-10-01,660.3,580.9217391304347
7,Aleatório 20%,Média global,2021-11-01,671.8,580.9217391304347
7,Aleatório 20%,Média global,2022-02-01,623.5,580.9217391304347
7,Aleatório 20%,Linear,2015-02-01,359.5,444.8
7,Aleatório 20%,Linear,2015-05-01,456.7,462.1333333333333
7,Aleatório 20%,Linear,2015-06-01,472.3,482.76666666666665
7,Aleatório 20%,Linear,2015-11-01,465.8,464.40000000000003
7,Aleatório 20%,Linear,2016-10-01,489.0,501.85
7,Aleatório 20%,Linear,2017-10-01,513.0,531.35
7,Aleatório 20%,Linear,2018-02-01,455.7,532.125
7,Aleatório 20%,Linear,2018-07-01,648.4,609.2
7,Aleatório 20%,Linear,2019-03-01,573.2,521.25
7,Aleatório 20%,Linear,2019-07-01,667.2,637.85
7,Aleatório 20%,Linear,2019-09-01,602.0,628.0
7,Aleatório 20%,Linear,2020-08-01,729.4,660.6666666666666
7,Aleatório 20%,Linear,2020-09-01,645.4,638.9333333333334
7,Aleatório 20%,Linear,2021-10-01,660.3,694.6500000000001
7,Aleatório 20%,Linear,2021-11-01,671.8,694.6
7,Aleatório 20%,Linear,2022-02-01,623.5,694.45
7,Aleatório 20%,PCHIP,2015-02-01,359.5,444.8
7,Aleatório 20%,PCHIP,2015-05-01,456.7,454.9340358834992
7,Aleatório 20%,PCHIP,2015-06-01,472.3,482.12362732255394
7,Aleatório 20%,PCHIP,2015-11-01,465.8,461.00000000000006
7,Aleatório 20%,PCHIP,2016-10-01,489.0,501.84999999999997
7,Aleatório 20%,PCHIP,2017-10-01,513.0,531.1543946932007
7,Aleatório 20%,PCHIP,2018-02-01,455.7,532.265625
7,Aleatório 20%,PCHIP,2018-07-01,648.4,613.8793404735062
7,Aleatório 20%,PCHIP,2019-03-01,573.2,516.8042047853625
7,Aleatório 20%,PCHIP,2019-07-01,667.2,646.5895393621939
7,Aleatório 20%,PCHIP,2019-09-01,602.0,628.0
7,Aleatório 20%,PCHIP,2020-08-01,729.4,665.4962962962962
7,Aleatório 20%,PCHIP,2020-09-01,645.4,634.1037037037037
7,Aleatório 20%,PCHIP,2021-10-01,660.3,694.6049477658779
7,Aleatório 20%,PCHIP,2021-11-01,671.8,694.5639510134248
7,Aleatório 20%,PCHIP,2022-02-01,623.5,694.4950342359281
7,Aleatório 20%,Harmônica log,2015-02-01,359.5,399.30191173306775
7,Aleatório 20%,Harmônica log,2015-05-01,456.7,443.8298039806392
7,Aleatório 20%,Harmônica log,2015-06-01,472.3,466.4798803122829
7,Aleatório 20%,Harmônica log,2015-11-01,465.8,477.63367231687175
7,Aleatório 20%,Harmônica log,2016-10-01,489.0,466.48881145053645
7,Aleatório 20%,Harmônica log,2017-10-01,513.0,496.33779856372166
7,Aleatório 20%,Harmônica log,2018-02-01,455.7,480.96086982738615
7,Aleatório 20%,Harmônica log,2018-07-01,648.4,631.0136416238657
7,Aleatório 20%,Harmônica log,2019-03-01,573.2,531.4004151183075
7,Aleatório 20%,Harmônica log,2019-07-01,667.2,671.3899970577875
7,Aleatório 20%,Harmônica log,2019-09-01,602.0,601.914627271722
7,Aleatório 20%,Harmônica log,2020-08-01,729.4,726.596750063446
7,Aleatório 20%,Harmônica log,2020-09-01,645.4,640.4290385751887
7,Aleatório 20%,Harmônica log,2021-10-01,660.3,636.094767769447
7,Aleatório 20%,Harmônica log,2021-11-01,671.8,692.965551974621
7,Aleatório 20%,Harmônica log,2022-02-01,623.5,616.3880600759139
7,Aleatório 20%,Harmônica + resíduo,2015-02-01,359.5,428.3401178857815
7,Aleatório 20%,Harmônica + resíduo,2015-05-01,456.7,438.2481825203902
7,Aleatório 20%,Harmônica + resíduo,2015-06-01,472.3,454.38727075378455
7,Aleatório 20%,Harmônica + resíduo,2015-11-01,465.8,495.92003522959646
7,Aleatório 20%,Harmônica + resíduo,2016-10-01,489.0,464.52777051263445
7,Aleatório 20%,Harmônica + resíduo,2017-10-01,513.0,491.86171989145413
7,Aleatório 20%,Harmônica + resíduo,2018-02-01,455.7,502.36220987346076
7,Aleatório 20%,Harmônica + resíduo,2018-07-01,648.4,638.5396736464531
7,Aleatório 20%,Harmônica + resíduo,2019-03-01,573.2,514.0280488383878
7,Aleatório 20%,Harmônica + resíduo,2019-07-01,667.2,668.9697323012036
7,Aleatório 20%,Harmônica + resíduo,2019-09-01,602.0,608.3661672285702
7,Aleatório 20%,Harmônica + resíduo,2020-08-01,729.4,712.2933297245627
7,Aleatório 20%,Harmônica + resíduo,2020-09-01,645.4,644.2787909830746
7,Aleatório 20%,Harmônica + resíduo,2021-10-01,660.3,655.2547915289894
7,Aleatório 20%,Harmônica + resíduo,2021-11-01,671.8,721.2706250957875
7,Aleatório 20%,Harmônica + resíduo,2022-02-01,623.5,661.8132659677293
7,Bloco 3 meses,Média global,2022-09-01,709.2,574.7058823529412
7,Bloco 3 meses,Média global,2022-10-01,683.4,574.7058823529412
7,Bloco 3 meses,Média global,2022-11-01,682.8,574.7058823529412
7,Bloco 3 meses,Linear,2022-09-01,709.2,852.0
7,Bloco 3 meses,Linear,2022-10-01,683.4,852.0
7,Bloco 3 meses,Linear,2022-11-01,682.8,852.0
7,Bloco 3 meses,PCHIP,2022-09-01,709.2,852.0
7,Bloco 3 meses,PCHIP,2022-10-01,683.4,852.0
7,Bloco 3 meses,PCHIP,2022-11-01,682.8,852.0
7,Bloco 3 meses,Harmônica log,2022-09-01,709.2,732.5074519864164
7,Bloco 3 meses,Harmônica log,2022-10-01,683.4,682.214863433753
7,Bloco 3 meses,Harmônica log,2022-11-01,682.8,751.6815234411938
7,Bloco 3 meses,Harmônica + resíduo,2022-09-01,709.2,751.5598225085789
7,Bloco 3 meses,Harmônica + resíduo,2022-10-01,683.4,699.9591339099358
7,Bloco 3 meses,Harmônica + resíduo,2022-11-01,682.8,771.2326076798983
7,Bloco 6 meses,Média global,2016-06-01,492.5,583.229268292683
7,Bloco 6 meses,Média global,2016-07-01,552.3,583.229268292683
7,Bloco 6 meses,Média global,2016-08-01,563.1,583.229268292683
7,Bloco 6 meses,Média global,2016-09-01,496.5,583.229268292683
7,Bloco 6 meses,Média global,2016-10-01,489.0,583.229268292683
7,Bloco 6 meses,Média global,2016-11-01,507.2,583.229268292683
7,Bloco 6 meses,Linear,2016-06-01,492.5,474.725
7,Bloco 6 meses,Linear,2016-07-01,552.3,476.45
7,Bloco 6 meses,Linear,2016-08-01,563.1,478.175
7,Bloco 6 meses,Linear,2016-09-01,496.5,479.9
7,Bloco 6 meses,Linear,2016-10-01,489.0,481.625
7,Bloco 6 meses,Linear,2016-11-01,507.2,483.35
7,Bloco 6 meses,PCHIP,2016-06-01,492.5,476.6094387273414
7,Bloco 6 meses,PCHIP,2016-07-01,552.3,479.58861404833834
7,Bloco 6 meses,PCHIP,2016-08-01,563.1,481.9834521336858
7,Bloco 6 meses,PCHIP,2016-09-01,496.5,483.8398791540786
7,Bloco 6 meses,PCHIP,2016-10-01,489.0,485.20382128021146
7,Bloco 6 meses,PCHIP,2016-11-01,507.2,486.1212046827795
7,Bloco 6 meses,Harmônica log,2016-06-01,492.5,496.4199654536251
7,Bloco 6 meses,Harmônica log,2016-07-01,552.3,557.0373819426339
7,Bloco 6 meses,Harmônica log,2016-08-01,563.1,570.8769731295096
7,Bloco 6 meses,Harmônica log,2016-09-01,496.5,502.09422438134305
7,Bloco 6 meses,Harmônica log,2016-10-01,489.0,464.937353303245
7,Bloco 6 meses,Harmônica log,2016-11-01,507.2,510.83474742301087
7,Bloco 6 meses,Harmônica + resíduo,2016-06-01,492.5,491.50657111179765
7,Bloco 6 meses,Harmônica + resíduo,2016-07-01,552.3,549.3276670590546
7,Bloco 6 meses,Harmônica + resíduo,2016-08-01,563.1,560.733755833556
7,Bloco 6 meses,Harmônica + resíduo,2016-09-01,496.5,491.2091462261632
7,Bloco 6 meses,Harmônica + resíduo,2016-10-01,489.0,453.04641856561295
7,Bloco 6 meses,Harmônica + resíduo,2016-11-01,507.2,495.7876869814935
8,Aleatório 10%,Média global,2015-04-01,441.5,575.1683544303797
8,Aleatório 10%,Média global,2016-04-01,456.9,575.1683544303797
8,Aleatório 10%,Média global,2018-06-01,566.3,575.1683544303797
8,Aleatório 10%,Média global,2019-07-01,667.2,575.1683544303797
8,Aleatório 10%,Média global,2020-03-01,549.3,575.1683544303797
8,Aleatório 10%,Média global,2021-07-01,775.8,575.1683544303797
8,Aleatório 10%,Média global,2022-02-01,623.5,575.1683544303797
8,Aleatório 10%,Média global,2022-10-01,683.4,575.1683544303797
8,Aleatório 10%,Linear,2015-04-01,441.5,450.75
8,Aleatório 10%,Linear,2016-04-01,456.9,474.6
8,Aleatório 10%,Linear,2018-06-01,566.3,600.9
8,Aleatório 10%,Linear,2019-07-01,667.2,637.85
8,Aleatório 10%,Linear,2020-03-01,549.3,498.5
8,Aleatório 10%,Linear,2021-07-01,775.8,732.0
8,Aleatório 10%,Linear,2022-02-01,623.5,688.75
8,Aleatório 10%,Linear,2022-10-01,683.4,696.0
8,Aleatório 10%,PCHIP,2015-04-01,441.5,451.5620981423026
8,Aleatório 10%,PCHIP,2016-04-01,456.9,474.6
8,Aleatório 10%,PCHIP,2018-06-01,566.3,608.6325253291458
8,Aleatório 10%,PCHIP,2019-07-01,667.2,646.5895393621939
8,Aleatório 10%,PCHIP,2020-03-01,549.3,487.7542978625604
8,Aleatório 10%,PCHIP,2021-07-01,775.8,739.4704885810557
8,Aleatório 10%,PCHIP,2022-02-01,623.5,692.3935075093866
8,Aleatório 10%,PCHIP,2022-10-01,683.4,689.3440677966101
8,Aleatório 10%,Harmônica log,2015-04-01,441.5,445.9519675231309
8,Aleatório 10%,Harmônica log,2016-04-01,456.9,474.0677972065209
8,Aleatório 10%,Harmônica log,2018-06-01,566.3,560.9554907653823
8,Aleatório 10%,Harmônica log,2019-07-01,667.2,668.2865366956476
8,Aleatório 10%,Harmônica log,2020-03-01,549.3,563.5661323440997
8,Aleatório 10%,Harmônica log,2021-07-01,775.8,755.2095161928607
8,Aleatório 10%,Harmônica log,2022-02-01,623.5,615.3322333807913
8,Aleatório 10%,Harmônica log,2022-10-01,683.4,674.6111280536938
8,Aleatório 10%,Harmônica + resíduo,2015-04-01,441.5,465.5225902932668
8,Aleatório 10%,Harmônica + resíduo,2016-04-01,456.9,490.1941584431309
8,Aleatório 10%,Harmônica + resíduo,2018-06-01,566.3,577.0082916428943
8,Aleatório 10%,Harmônica + resíduo,2019-07-01,667.2,665.4483346591652
8,Aleatório 10%,Harmônica + resíduo,2020-03-01,549.3,485.9041644324157
8,Aleatório 10%,Harmônica + resíduo,2021-07-01,775.8,764.5262402451988
8,Aleatório 10%,Harmônica + resíduo,2022-02-01,623.5,650.9719964356533
8,Aleatório 10%,Harmônica + resíduo,2022-10-01,683.4,640.5924461569956
8,Aleatório 20%,Média global,2015-05-01,456.7,574.1486111111111
8,Aleatório 20%,Média global,2015-11-01,465.8,574.1486111111111
8,Aleatório 20%,Média global,2016-07-01,552.3,574.1486111111111
8,Aleatório 20%,Média global,2017-07-01,607.2,574.1486111111111
8,Aleatório 20%,Média global,2017-10-01,513.0,574.1486111111111
8,Aleatório 20%,Média global,2018-06-01,566.3,574.1486111111111
8,Aleatório 20%,Média global,2018-07-01,648.4,574.1486111111111
8,Aleatório 20%,Média global,2018-08-01,652.1,574.1486111111111
8,Aleatório 20%,Média global,2018-09-01,574.2,574.1486111111111
8,Aleatório 20%,Média global,2019-03-01,573.2,574.1486111111111
8,Aleatório 20%,Média global,2019-07-01,667.2,574.1486111111111
8,Aleatório 20%,Média global,2019-09-01,602.0,574.1486111111111
8,Aleatório 20%,Média global,2020-05-01,592.6,574.1486111111111
8,Aleatório 20%,Média global,2021-08-01,760.7,574.1486111111111
8,Aleatório 20%,Média global,2021-09-01,694.7,574.1486111111111
8,Aleatório 20%,Média global,2021-10-01,660.3,574.1486111111111
8,Aleatório 20%,Linear,2015-05-01,456.7,456.9
8,Aleatório 20%,Linear,2015-11-01,465.8,464.40000000000003
8,Aleatório 20%,Linear,2016-07-01,552.3,527.8
8,Aleatório 20%,Linear,2017-07-01,607.2,561.75
8,Aleatório 20%,Linear,2017-10-01,513.0,531.35
8,Aleatório 20%,Linear,2018-06-01,566.3,552.34
8,Aleatório 20%,Linear,2018-07-01,648.4,551.28
8,Aleatório 20%,Linear,2018-08-01,652.1,550.22
8,Aleatório 20%,Linear,2018-09-01,574.2,549.16
8,Aleatório 20%,Linear,2019-03-01,573.2,521.25
8,Aleatório 20%,Linear,2019-07-01,667.2,637.85
8,Aleatório 20%,Linear,2019-09-01,602.0,628.0
8,Aleatório 20%,Linear,2020-05-01,592.6,596.1
8,Aleatório 20%,Linear,2021-08-01,760.7,749.8
8,Aleatório 20%,Linear,2021-09-01,694.7,723.8
8,Aleatório 20%,Linear,2021-10-01,660.3,697.8
8,Aleatório 20%,PCHIP,2015-05-01,456.7,451.5493793445879
8,Aleatório 20%,PCHIP,2015-11-01,465.8,461.00000000000006
8,Aleatório 20%,PCHIP,2016-07-01,552.3,533.885609037328
8,Aleatório 20%,PCHIP,2017-07-01,607.2,569.5556032306915
8,Aleatório 20%,PCHIP,2017-10-01,513.0,531.1543946932007
8,Aleatório 20%,PCHIP,2018-06-01,566.3,552.8488
8,Aleatório 20%,PCHIP,2018-07-01,648.4,551.5344
8,Aleatório 20%,PCHIP,2018-08-01,652.1,549.9656
8,Aleatório 20%,PCHIP,2018-09-01,574.2,548.6512
8,Aleatório 20%,PCHIP,2019-03-01,573.2,516.8042047853625
8,Aleatório 20%,PCHIP,2019-07-01,667.2,646.5895393621939
8,Aleatório 20%,PCHIP,2019-09-01,602.0,628.0
8,Aleatório 20%,PCHIP,2020-05-01,592.6,588.35709463618
8,Aleatório 20%,PCHIP,2021-08-01,760.7,759.55
8,Aleatório 20%,PCHIP,2021-09-01,694.7,723.8
8,Aleatório 20%,PCHIP,2021-10-01,660.3,688.05
8,Aleatório 20%,Harmônica log,2015-05-01,456.7,447.70644879414664
8,Aleatório 20%,Harmônica log,2015-11-01,465.8,480.63710149495125
8,Aleatório 20%,Harmônica log,2016-07-01,552.3,553.7341606237782
8,Aleatório 20%,Harmônica log,2017-07-01,607.2,589.2111684092773
8,Aleatório 20%,Harmônica log,2017-10-01,513.0,493.2209923362454
8,Aleatório 20%,Harmônica log,2018-06-01,566.3,560.4052375041007
8,Aleatório 20%,Harmônica log,2018-07-01,648.4,626.961140680108
8,Aleatório 20%,Harmônica log,2018-08-01,652.1,643.5490502544072
8,Aleatório 20%,Harmônica log,2018-09-01,574.2,566.6362844267908
8,Aleatório 20%,Harmônica log,2019-03-01,573.2,524.4217482369737
8,Aleatório 20%,Harmônica log,2019-07-01,667.2,667.1297032337661
8,Aleatório 20%,Harmônica log,2019-09-01,602.0,602.939914044856
8,Aleatório 20%,Harmônica log,2020-05-01,592.6,610.7192628364916
8,Aleatório 20%,Harmônica log,2021-08-01,760.7,775.3371878465232
8,Aleatório 20%,Harmônica log,2021-09-01,694.7,682.6739673154576
8,Aleatório 20%,Harmônica log,2021-10-01,660.3,632.295611149075
8,Aleatório 20%,Harmônica + resíduo,2015-05-01,456.7,450.99416165793536
8,Aleatório 20%,Harmônica + resíduo,2015-11-01,465.8,496.69785457435444
8,Aleatório 20%,Harmônica + resíduo,2016-07-01,552.3,549.7871504800279
8,Aleatório 20%,Harmônica + resíduo,2017-07-01,607.2,585.1668371308805
8,Aleatório 20%,Harmônica + resíduo,2017-10-01,513.0,486.82904384910097
8,Aleatório 20%,Harmônica + resíduo,2018-06-01,566.3,577.0073956729502
8,Aleatório 20%,Harmônica + resíduo,2018-07-01,648.4,647.8316599805825
8,Aleatório 20%,Harmônica + resíduo,2018-08-01,652.1,667.3375286273548
8,Aleatório 20%,Harmônica + resíduo,2018-09-01,574.2,589.672163158635
8,Aleatório 20%,Harmônica + resíduo,2019-03-01,573.2,507.22876605442247
8,Aleatório 20%,Harmônica + resíduo,2019-07-01,667.2,664.6571296508092
8,Aleatório 20%,Harmônica + resíduo,2019-09-01,602.0,610.4380090383568
8,Aleatório 20%,Harmônica + resíduo,2020-05-01,592.6,587.4744854294146
8,Aleatório 20%,Harmônica + resíduo,2021-08-01,760.7,783.5955371404636
8,Aleatório 20%,Harmônica + resíduo,2021-09-01,694.7,678.9156657159652
8,Aleatório 20%,Harmônica + resíduo,2021-10-01,660.3,618.7622415038389
8,Bloco 3 meses,Média global,2017-08-01,599.1,579.7835294117647
8,Bloco 3 meses,Média global,2017-09-01,531.7,579.7835294117647
8,Bloco 3 meses,Média global,2017-10-01,513.0,579.7835294117647
8,Bloco 3 meses,Linear,2017-08-01,599.1,588.1500000000001
8,Bloco 3 meses,Linear,2017-09-01,531.7,569.1
8,Bloco 3 meses,Linear,2017-10-01,513.0,550.05
8,Bloco 3 meses,PCHIP,2017-08-01,599.1,595.29375
8,Bloco 3 meses,PCHIP,2017-09-01,531.7,569.0999999999999
8,Bloco 3 meses,PCHIP,2017-10-01,513.0,542.90625
8,Bloco 3 meses,Harmônica log,2017-08-01,599.1,607.0181268652619
8,Bloco 3 meses,Harmônica log,2017-09-01,531.7,534.4636485285765
8,Bloco 3 meses,Harmônica log,2017-10-01,513.0,495.01830580185396
8,Bloco 3 meses,Harmônica + resíduo,2017-08-01,599.1,615.0864408289173
8,Bloco 3 meses,Harmônica + resíduo,2017-09-01,531.7,535.0506945887914
8,Bloco 3 meses,Harmônica + resíduo,2017-10-01,513.0,489.59873443407264
8,Bloco 6 meses,Média global,2018-06-01,566.3,577.7024390243902
8,Bloco 6 meses,Média global,2018-07-01,648.4,577.7024390243902
8,Bloco 6 meses,Média global,2018-08-01,652.1,577.7024390243902
8,Bloco 6 meses,Média global,2018-09-01,574.2,577.7024390243902
8,Bloco 6 meses,Média global,2018-10-01,548.1,577.7024390243902
8,Bloco 6 meses,Média global,2018-11-01,564.7,577.7024390243902
8,Bloco 6 meses,Linear,2018-06-01,566.3,561.375
8,Bloco 6 meses,Linear,2018-07-01,648.4,569.35
8,Bloco 6 meses,Linear,2018-08-01,652.1,577.325
8,Bloco 6 meses,Linear,2018-09-01,574.2,585.3
8,Bloco 6 meses,Linear,2018-10-01,548.1,593.275
8,Bloco 6 meses,Linear,2018-11-01,564.7,601.25
8,Bloco 6 meses,PCHIP,2018-06-01,566.3,567.6886747448627
8,Bloco 6 meses,PCHIP,2018-07-01,648.4,580.3361649312269
8,Bloco 6 meses,PCHIP,2018-08-01,652.1,591.2611093033612
8,Bloco 6 meses,PCHIP,2018-09-01,574.2,600.382146605535
8,Bloco 6 meses,PCHIP,2018-10-01,548.1,607.6179155820168
8,Bloco 6 meses,PCHIP,2018-11-01,564.7,612.8870549770758
8,Bloco 6 meses,Harmônica log,2018-06-01,566.3,560.769400185473
8,Bloco 6 meses,Harmônica log,2018-07-01,648.4,627.970303992643
8,Bloco 6 meses,Harmônica log,2018-08-01,652.1,643.5031319735958
8,Bloco 6 meses,Harmônica log,2018-09-01,574.2,567.3361823054005
8,Bloco 6 meses,Harmônica log,2018-10-01,548.1,526.9665278077454
8,Bloco 6 meses,Harmônica log,2018-11-01,564.7,579.7667049174852
8,Bloco 6 meses,Harmônica + resíduo,2018-06-01,566.3,579.6769183931951
8,Bloco 6 meses,Harmônica + resíduo,2018-07-01,648.4,653.0310645485562
8,Bloco 6 meses,Harmônica + resíduo,2018-08-01,652.1,673.1912035760839
8,Bloco 6 meses,Harmônica + resíduo,2018-09-01,574.2,597.0645453576637
8,Bloco 6 meses,Harmônica + resíduo,2018-10-01,548.1,557.9006464450234
8,Bloco 6 meses,Harmônica + resíduo,2018-11-01,564.7,617.4760803074264
9,Aleatório 10%,Média global,2016-04-01,456.9,574.4987341772152
9,Aleatório 10%,Média global,2018-07-01,648.4,574.4987341772152
9,Aleatório 10%,Média global,2018-09-01,574.2,574.4987341772152
9,Aleatório 10%,Média global,2020-06-01,635.0,574.4987341772152
9,Aleatório 10%,Média global,2021-02-01,526.4,574.4987341772152
9,Aleatório 10%,Média global,2021-04-01,636.1,574.4987341772152
9,Aleatório 10%,Média global,2022-03-01,694.4,574.4987341772152
9,Aleatório 10%,Média global,2022-04-01,636.2,574.4987341772152
9,Aleatório 10%,Linear,2016-04-01,456.9,474.6
9,Aleatório 10%,Linear,2018-07-01,648.4,609.2
9,Aleatório 10%,Linear,2018-09-01,574.2,600.1
9,Aleatório 10%,Linear,2020-06-01,635.0,637.5
9,Aleatório 10%,Linear,2021-02-01,526.4,659.0
9,Aleatório 10%,Linear,2021-04-01,636.1,667.75
9,Aleatório 10%,Linear,2022-03-01,694.4,639.5333333333333
9,Aleatório 10%,Linear,2022-04-01,636.2,655.5666666666667
9,Aleatório 10%,PCHIP,2016-04-01,456.9,474.6
9,Aleatório 10%,PCHIP,2018-07-01,648.4,613.8793404735062
9,Aleatório 10%,PCHIP,2018-09-01,574.2,600.1
9,Aleatório 10%,PCHIP,2020-06-01,635.0,635.7578742022795
9,Aleatório 10%,PCHIP,2021-02-01,526.4,659.6593770625361
9,Aleatório 10%,PCHIP,2021-04-01,636.1,666.6455841534109
9,Aleatório 10%,PCHIP,2022-03-01,694.4,629.4197867127829
9,Aleatório 10%,PCHIP,2022-04-01,636.2,646.0284623144546
9,Aleatório 10%,Harmônica log,2016-04-01,456.9,473.4586078446276
9,Aleatório 10%,Harmônica log,2018-07-01,648.4,627.7303247901037
9,Aleatório 10%,Harmônica log,2018-09-01,574.2,569.5370600090793
9,Aleatório 10%,Harmônica log,2020-06-01,635.0,636.1355163601648
9,Aleatório 10%,Harmônica log,2021-02-01,526.4,580.2686442634623
9,Aleatório 10%,Harmônica log,2021-04-01,636.1,644.889627237869
9,Aleatório 10%,Harmônica log,2022-03-01,694.4,638.674236203189
9,Aleatório 10%,Harmônica log,2022-04-01,636.2,686.0030814571211
9,Aleatório 10%,Harmônica + resíduo,2016-04-01,456.9,489.6181218693488
9,Aleatório 10%,Harmônica + resíduo,2018-07-01,648.4,634.3470316293899
9,Aleatório 10%,Harmônica + resíduo,2018-09-01,574.2,583.6071139307976
9,Aleatório 10%,Harmônica + resíduo,2020-06-01,635.0,613.6337973419315
9,Aleatório 10%,Harmônica + resíduo,2021-02-01,526.4,623.6292001599534
9,Aleatório 10%,Harmônica + resíduo,2021-04-01,636.1,688.8673229539138
9,Aleatório 10%,Harmônica + resíduo,2022-03-01,694.4,636.4896012060274
9,Aleatório 10%,Harmônica + resíduo,2022-04-01,636.2,674.5019628101093
9,Aleatório 20%,Média global,2015-02-01,359.5,579.3714285714286
9,Aleatório 20%,Média global,2015-06-01,472.3,579.3714285714286
9,Aleatório 20%,Média global,2015-07-01,503.4,579.3714285714286
9,Aleatório 20%,Média global,2016-05-01,473.0,579.3714285714286
9,Aleatório 20%,Média global,2016-07-01,552.3,579.3714285714286
9,Aleatório 20%,Média global,2016-09-01,496.5,579.3714285714286
9,Aleatório 20%,Média global,2017-08-01,599.1,579.3714285714286
9,Aleatório 20%,Média global,2018-06-01,566.3,579.3714285714286
9,Aleatório 20%,Média global,2020-04-01,557.2,579.3714285714286
9,Aleatório 20%,Média global,2020-05-01,592.6,579.3714285714286
9,Aleatório 20%,Média global,2020-10-01,617.2,579.3714285714286
9,Aleatório 20%,Média global,2021-03-01,663.1,579.3714285714286
9,Aleatório 20%,Média global,2021-06-01,703.3,579.3714285714286
9,Aleatório 20%,Média global,2021-11-01,671.8,579.3714285714286
9,Aleatório 20%,Média global,2022-02-01,623.5,579.3714285714286
9,Aleatório 20%,Média global,2022-09-01,709.2,579.3714285714286
9,Aleatório 20%,Linear,2015-02-01,359.5,444.8
9,Aleatório 20%,Linear,2015-06-01,472.3,475.26666666666665
9,Aleatório 20%,Linear,2015-07-01,503.4,493.8333333333333
9,Aleatório 20%,Linear,2016-05-01,473.0,474.7
9,Aleatório 20%,Linear,2016-07-01,552.3,527.8
9,Aleatório 20%,Linear,2016-09-01,496.5,526.05
9,Aleatório 20%,Linear,2017-08-01,599.1,569.45
9,Aleatório 20%,Linear,2018-06-01,566.3,600.9
9,Aleatório 20%,Linear,2020-04-01,557.2,577.8666666666667
9,Aleatório 20%,Linear,2020-05-01,592.6,606.4333333333333
9,Aleatório 20%,Linear,2020-10-01,617.2,646.05
9,Aleatório 20%,Linear,2021-03-01,663.1,581.25
9,Aleatório 20%,Linear,2021-06-01,703.3,724.0999999999999
9,Aleatório 20%,Linear,2021-11-01,671.8,667.12
9,Aleatório 20%,Linear,2022-02-01,623.5,687.5799999999999
9,Aleatório 20%,Linear,2022-09-01,709.2,767.7
9,Aleatório 20%,PCHIP,2015-02-01,359.5,444.8
9,Aleatório 20%,PCHIP,2015-06-01,472.3,478.4484172795549
9,Aleatório 20%,PCHIP,2015-07-01,503.4,501.6130975286664
9,Aleatório 20%,PCHIP,2016-05-01,473.0,468.7834274952919
9,Aleatório 20%,PCHIP,2016-07-01,552.3,533.7165725047081
9,Aleatório 20%,PCHIP,2016-09-01,496.5,526.05
9,Aleatório 20%,PCHIP,2017-08-01,599.1,575.4766789982925
9,Aleatório 20%,PCHIP,2018-06-01,566.3,608.6325253291458
9,Aleatório 20%,PCHIP,2020-04-01,557.2,585.5744277046674
9,Aleatório 20%,PCHIP,2020-05-01,592.6,607.4143487299834
9,Aleatório 20%,PCHIP,2020-10-01,617.2,645.7298563218391
9,Aleatório 20%,PCHIP,2021-03-01,663.1,570.5696477530099
9,Aleatório 20%,PCHIP,2021-06-01,703.3,734.5597411444141
9,Aleatório 20%,PCHIP,2021-11-01,671.8,663.8463999999999
9,Aleatório 20%,PCHIP,2022-02-01,623.5,690.8536
9,Aleatório 20%,PCHIP,2022-09-01,709.2,767.9684713375796
9,Aleatório 20%,Harmônica log,2015-02-01,359.5,400.74868715043044
9,Aleatório 20%,Harmônica log,2015-06-01,472.3,469.0009308430409
9,Aleatório 20%,Harmônica log,2015-07-01,503.4,526.3359093948554
9,Aleatório 20%,Harmônica log,2016-05-01,473.0,478.2897587574682
9,Aleatório 20%,Harmônica log,2016-07-01,552.3,559.2505941892501
9,Aleatório 20%,Harmônica log,2016-09-01,496.5,506.13129093346413
9,Aleatório 20%,Harmônica log,2017-08-01,599.1,609.862754297364
9,Aleatório 20%,Harmônica log,2018-06-01,566.3,562.6056180814383
9,Aleatório 20%,Harmônica log,2020-04-01,557.2,604.2870634897963
9,Aleatório 20%,Harmônica log,2020-05-01,592.6,609.6279849348058
9,Aleatório 20%,Harmônica log,2020-10-01,617.2,597.6117083240651
9,Aleatório 20%,Harmônica log,2021-03-01,663.1,597.0902883299069
9,Aleatório 20%,Harmônica log,2021-06-01,703.3,674.8922244734902
9,Aleatório 20%,Harmônica log,2021-11-01,671.8,693.71112303064
9,Aleatório 20%,Harmônica log,2022-02-01,623.5,612.7400695497724
9,Aleatório 20%,Harmônica log,2022-09-01,709.2,728.3228035384062
9,Aleatório 20%,Harmônica + resíduo,2015-02-01,359.5,429.5933988372818
9,Aleatório 20%,Harmônica + resíduo,2015-06-01,472.3,465.283086461121
9,Aleatório 20%,Harmônica + resíduo,2015-07-01,503.4,510.5834574548101
9,Aleatório 20%,Harmônica + resíduo,2016-05-01,473.0,466.77915915569105
9,Aleatório 20%,Harmônica + resíduo,2016-07-01,552.3,550.6801569689303
9,Aleatório 20%,Harmônica + resíduo,2016-09-01,496.5,511.9686996387361
9,Aleatório 20%,Harmônica + resíduo,2017-08-01,599.1,612.9895177770422
9,Aleatório 20%,Harmônica + resíduo,2018-06-01,566.3,577.1776033625371
9,Aleatório 20%,Harmônica + resíduo,2020-04-01,557.2,595.1314640560527
9,Aleatório 20%,Harmônica + resíduo,2020-05-01,592.6,604.9104391695374
9,Aleatório 20%,Harmônica + resíduo,2020-10-01,617.2,594.9067623200302
9,Aleatório 20%,Harmônica + resíduo,2021-03-01,663.1,567.8071490388961
9,Aleatório 20%,Harmônica + resíduo,2021-06-01,703.3,695.9164942404226
9,Aleatório 20%,Harmônica + resíduo,2021-11-01,671.8,728.797552511887
9,Aleatório 20%,Harmônica + resíduo,2022-02-01,623.5,663.8241253869554
9,Aleatório 20%,Harmônica + resíduo,2022-09-01,709.2,744.4807995301685
9,Bloco 3 meses,Média global,2016-03-01,476.2,582.58
9,Bloco 3 meses,Média global,2016-04-01,456.9,582.58
9,Bloco 3 meses,Média global,2016-05-01,473.0,582.58
9,Bloco 3 meses,Linear,2016-03-01,476.2,409.025
9,Bloco 3 meses,Linear,2016-04-01,456.9,436.85
9,Bloco 3 meses,Linear,2016-05-01,473.0,464.675
9,Bloco 3 meses,PCHIP,2016-03-01,476.2,390.9090341468669
9,Bloco 3 meses,PCHIP,2016-04-01,456.9,416.36575772497844
9,Bloco 3 meses,PCHIP,2016-05-01,473.0,452.0646024406008
9,Bloco 3 meses,Harmônica log,2016-03-01,476.2,435.66949427113644
9,Bloco 3 meses,Harmônica log,2016-04-01,456.9,469.6464019649976
9,Bloco 3 meses,Harmônica log,2016-05-01,473.0,476.75047954935354
9,Bloco 3 meses,Harmônica + resíduo,2016-03-01,476.2,401.11002700310877
9,Bloco 3 meses,Harmônica + resíduo,2016-04-01,456.9,443.29306327715284
9,Bloco 3 meses,Harmônica + resíduo,2016-05-01,473.0,461.34375203622096
9,Bloco 6 meses,Média global,2017-02-01,448.8,584.7259259259258
9,Bloco 6 meses,Média global,2017-03-01,513.9,584.7259259259258
9,Bloco 6 meses,Média global,2017-04-01,484.7,584.7259259259258
9,Bloco 6 meses,Média global,2017-05-01,496.8,584.7259259259258
9,Bloco 6 meses,Média global,2017-06-01,524.4,584.7259259259258
9,Bloco 6 meses,Média global,2017-07-01,607.2,584.7259259259258
9,Bloco 6 meses,Linear,2017-02-01,448.8,537.8333333333334
9,Bloco 6 meses,Linear,2017-03-01,513.9,548.0444444444445
9,Bloco 6 meses,Linear,2017-04-01,484.7,558.2555555555556
9,Bloco 6 meses,Linear,2017-05-01,496.8,568.4666666666667
9,Bloco 6 meses,Linear,2017-06-01,524.4,578.6777777777778
9,Bloco 6 meses,Linear,2017-07-01,607.2,588.8888888888889
9,Bloco 6 meses,PCHIP,2017-02-01,448.8,549.8830526769617
9,Bloco 6 meses,PCHIP,2017-03-01,513.9,562.9834849889563
9,Bloco 6 meses,PCHIP,2017-04-01,484.7,574.7450595961033
9,Bloco 6 meses,PCHIP,2017-05-01,496.8,584.7026374495921
9,Bloco 6 meses,PCHIP,2017-06-01,524.4,592.3910795006116
9,Bloco 6 meses,PCHIP,2017-07-01,607.2,597.3452467003511
9,Bloco 6 meses,Harmônica log,2017-02-01,448.8,452.47656592687105
9,Bloco 6 meses,Harmônica log,2017-03-01,513.9,462.9465972736403
9,Bloco 6 meses,Harmônica log,2017-04-01,484.7,500.232074909698
9,Bloco 6 meses,Harmônica log,2017-05-01,496.8,508.9274353720367
9,Bloco 6 meses,Harmônica log,2017-06-01,524.4,528.5897496579953
9,Bloco 6 meses,Harmônica log,2017-07-01,607.2,589.262070681364
9,Bloco 6 meses,Harmônica + resíduo,2017-02-01,448.8,448.427825092545
9,Bloco 6 meses,Harmônica + resíduo,2017-03-01,513.9,458.6759258370684
9,Bloco 6 meses,Harmônica + resíduo,2017-04-01,484.7,495.47891054096095
9,Bloco 6 meses,Harmônica + resíduo,2017-05-01,496.8,503.950744402692
9,Bloco 6 meses,Harmônica + resíduo,2017-06-01,524.4,523.2744782968063
9,Bloco 6 meses,Harmônica + resíduo,2017-07-01,607.2,583.173649914233
10,Aleatório 10%,Média global,2018-11-01,564.7,578.2397435897435
10,Aleatório 10%,Média global,2019-02-01,489.1,578.2397435897435
10,Aleatório 10%,Média global,2020-02-01,439.8,578.2397435897435
10,Aleatório 10%,Média global,2020-03-01,549.3,578.2397435897435
10,Aleatório 10%,Média global,2020-04-01,557.2,578.2397435897435
10,Aleatório 10%,Média global,2020-05-01,592.6,578.2397435897435
10,Aleatório 10%,Média global,2021-08-01,760.7,578.2397435897435
10,Aleatório 10%,Média global,2022-05-01,671.6,578.2397435897435
10,Aleatório 10%,Linear,2018-11-01,564.7,553.12
10,Aleatório 10%,Linear,2019-02-01,489.1,568.1800000000001
10,Aleatório 10%,Linear,2020-02-01,439.8,609.9714285714286
10,Aleatório 10%,Linear,2020-03-01,549.3,616.2285714285714
10,Aleatório 10%,Linear,2020-04-01,557.2,622.4857142857143
10,Aleatório 10%,Linear,2020-05-01,592.6,628.7428571428571
10,Aleatório 10%,Linear,2021-08-01,760.7,735.25
10,Aleatório 10%,Linear,2022-05-01,671.6,690.6500000000001
10,Aleatório 10%,PCHIP,2018-11-01,564.7,550.7104
10,Aleatório 10%,PCHIP,2019-02-01,489.1,570.5896
10,Aleatório 10%,PCHIP,2020-02-01,439.8,607.2032626941234
10,Aleatório 10%,PCHIP,2020-03-01,549.3,610.972645455698
10,Aleatório 10%,PCHIP,2020-04-01,557.2,616.0326425620126
10,Aleatório 10%,PCHIP,2020-05-01,592.6,623.6271340608519
10,Aleatório 10%,PCHIP,2021-08-01,760.7,744.471595416483
10,Aleatório 10%,PCHIP,2022-05-01,671.6,673.439699493121
10,Aleatório 10%,Harmônica log,2018-11-01,564.7,576.5215186144391
10,Aleatório 10%,Harmônica log,2019-02-01,489.1,526.3015573847114
10,Aleatório 10%,Harmônica log,2020-02-01,439.8,561.1455562248001
10,Aleatório 10%,Harmônica log,2020-03-01,549.3,574.6443622227852
10,Aleatório 10%,Harmônica log,2020-04-01,557.2,609.7128028800165
10,Aleatório 10%,Harmônica log,2020-05-01,592.6,614.7570078604087
10,Aleatório 10%,Harmônica log,2021-08-01,760.7,779.4921725564218
10,Aleatório 10%,Harmônica log,2022-05-01,671.6,698.8520346627732
10,Aleatório 10%,Harmônica + resíduo,2018-11-01,564.7,599.9961878484601
10,Aleatório 10%,Harmônica + resíduo,2019-02-01,489.1,556.7097477797212
10,Aleatório 10%,Harmônica + resíduo,2020-02-01,439.8,546.3787020896943
10,Aleatório 10%,Harmônica + resíduo,2020-03-01,549.3,561.8203321935407
10,Aleatório 10%,Harmônica + resíduo,2020-04-01,557.2,598.5544781048895
10,Aleatório 10%,Harmônica + resíduo,2020-05-01,592.6,605.9850720405526
10,Aleatório 10%,Harmônica + resíduo,2021-08-01,760.7,788.3447795011531
10,Aleatório 10%,Harmônica + resíduo,2022-05-01,671.6,676.7485517816132
10,Aleatório 20%,Média global,2015-11-01,465.8,580.4652173913045
10,Aleatório 20%,Média global,2016-03-01,476.2,580.4652173913045
10,Aleatório 20%,Média global,2016-05-01,473.0,580.4652173913045
10,Aleatório 20%,Média global,2017-04-01,484.7,580.4652173913045
10,Aleatório 20%,Média global,2017-05-01,496.8,580.4652173913045
10,Aleatório 20%,Média global,2018-02-01,455.7,580.4652173913045
10,Aleatório 20%,Média global,2018-05-01,553.4,580.4652173913045
10,Aleatório 20%,Média global,2018-08-01,652.1,580.4652173913045
10,Aleatório 20%,Média global,2018-10-01,548.1,580.4652173913045
10,Aleatório 20%,Média global,2019-02-01,489.1,580.4652173913045
10,Aleatório 20%,Média global,2019-07-01,667.2,580.4652173913045
10,Aleatório 20%,Média global,2019-09-01,602.0,580.4652173913045
10,Aleatório 20%,Média global,2020-02-01,439.8,580.4652173913045
10,Aleatório 20%,Média global,2021-09-01,694.7,580.4652173913045
10,Aleatório 20%,Média global,2022-06-01,745.1,580.4652173913045
10,Aleatório 20%,Média global,2022-07-01,832.4,580.4652173913045
10,Aleatório 20%,Linear,2015-11-01,465.8,464.40000000000003
10,Aleatório 20%,Linear,2016-03-01,476.2,419.04999999999995
10,Aleatório 20%,Linear,2016-05-01,473.0,474.7
10,Aleatório 20%,Linear,2017-04-01,484.7,517.4
10,Aleatório 20%,Linear,2017-05-01,496.8,520.9
10,Aleatório 20%,Linear,2018-02-01,455.7,532.125
10,Aleatório 20%,Linear,2018-05-01,553.4,544.0
10,Aleatório 20%,Linear,2018-08-01,652.1,611.3
10,Aleatório 20%,Linear,2018-10-01,548.1,569.45
10,Aleatório 20%,Linear,2019-02-01,489.1,571.075
10,Aleatório 20%,Linear,2019-07-01,667.2,637.85
10,Aleatório 20%,Linear,2019-09-01,602.0,628.0
10,Aleatório 20%,Linear,2020-02-01,439.8,559.775
10,Aleatório 20%,Linear,2021-09-01,694.7,710.5
10,Aleatório 20%,Linear,2022-06-01,745.1,731.7333333333333
10,Aleatório 20%,Linear,2022-07-01,832.4,791.8666666666667
10,Aleatório 20%,PCHIP,2015-11-01,465.8,461.00000000000006
10,Aleatório 20%,PCHIP,2016-03-01,476.2,412.99672057502244
10,Aleatório 20%,PCHIP,2016-05-01,473.0,473.4559302476467
10,Aleatório 20%,PCHIP,2017-04-01,484.7,518.3318505004435
10,Aleatório 20%,PCHIP,2017-05-01,496.8,519.8890343342201
10,Aleatório 20%,PCHIP,2018-02-01,455.7,532.4360795454545
10,Aleatório 20%,PCHIP,2018-05-01,553.4,534.6356728802
10,Aleatório 20%,PCHIP,2018-08-01,652.1,613.4054360812426
10,Aleatório 20%,PCHIP,2018-10-01,548.1,567.3445639187576
10,Aleatório 20%,PCHIP,2019-02-01,489.1,571.871875
10,Aleatório 20%,PCHIP,2019-07-01,667.2,646.5895393621939
10,Aleatório 20%,PCHIP,2019-09-01,602.0,628.0
10,Aleatório 20%,PCHIP,2020-02-01,439.8,555.846875
10,Aleatório 20%,PCHIP,2021-09-01,694.7,705.0229768786128
10,Aleatório 20%,PCHIP,2022-06-01,745.1,737.3577268203649
10,Aleatório 20%,PCHIP,2022-07-01,832.4,814.7233078546269
10,Aleatório 20%,Harmônica log,2015-11-01,465.8,475.3832982736071
10,Aleatório 20%,Harmônica log,2016-03-01,476.2,444.00421361285186
10,Aleatório 20%,Harmônica log,2016-05-01,473.0,471.61291622019496
10,Aleatório 20%,Harmônica log,2017-04-01,484.7,497.41693208134785
10,Aleatório 20%,Harmônica log,2017-05-01,496.8,502.20214566438875
10,Aleatório 20%,Harmônica log,2018-02-01,455.7,493.0352868612542
10,Aleatório 20%,Harmônica log,2018-05-01,553.4,534.7754194928815
10,Aleatório 20%,Harmônica log,2018-08-01,652.1,639.6667524123939
10,Aleatório 20%,Harmônica log,2018-10-01,548.1,530.4707935246714
10,Aleatório 20%,Harmônica log,2019-02-01,489.1,525.0139901477456
10,Aleatório 20%,Harmônica log,2019-07-01,667.2,668.7528520399004
10,Aleatório 20%,Harmônica log,2019-09-01,602.0,605.5336181337907
10,Aleatório 20%,Harmônica log,2020-02-01,439.8,559.0668603166849
10,Aleatório 20%,Harmônica log,2021-09-01,694.7,686.6319464909376
10,Aleatório 20%,Harmônica log,2022-06-01,745.1,723.4078910289912
10,Aleatório 20%,Harmônica log,2022-07-01,832.4,807.5032271428697
10,Aleatório 20%,Harmônica + resíduo,2015-11-01,465.8,489.5017152825288
10,Aleatório 20%,Harmônica + resíduo,2016-03-01,476.2,411.1631101200999
10,Aleatório 20%,Harmônica + resíduo,2016-05-01,473.0,464.6998583065965
10,Aleatório 20%,Harmônica + resíduo,2017-04-01,484.7,524.5267026550523
10,Aleatório 20%,Harmônica + resíduo,2017-05-01,496.8,513.7762046587653
10,Aleatório 20%,Harmônica + resíduo,2018-02-01,455.7,512.2763395110335
10,Aleatório 20%,Harmônica + resíduo,2018-05-01,553.4,532.4668106165793
10,Aleatório 20%,Harmônica + resíduo,2018-08-01,652.1,653.1272369887652
10,Aleatório 20%,Harmônica + resíduo,2018-10-01,548.1,528.7105822698666
10,Aleatório 20%,Harmônica + resíduo,2019-02-01,489.1,549.7624097840786
10,Aleatório 20%,Harmônica + resíduo,2019-07-01,667.2,666.4828425517062
10,Aleatório 20%,Harmônica + resíduo,2019-09-01,602.0,611.1831528675652
10,Aleatório 20%,Harmônica + resíduo,2020-02-01,439.8,538.6191173224524
10,Aleatório 20%,Harmônica + resíduo,2021-09-01,694.7,691.8550496175873
10,Aleatório 20%,Harmônica + resíduo,2022-06-01,745.1,720.5539804312925
10,Aleatório 20%,Harmônica + resíduo,2022-07-01,832.4,820.2440118228353
10,Bloco 3 meses,Média global,2016-07-01,552.3,580.1588235294117
10,Bloco 3 meses,Média global,2016-08-01,563.1,580.1588235294117
10,Bloco 3 meses,Média global,2016-09-01,496.5,580.1588235294117
10,Bloco 3 meses,Linear,2016-07-01,552.3,491.625
10,Bloco 3 meses,Linear,2016-08-01,563.1,490.75
10,Bloco 3 meses,Linear,2016-09-01,496.5,489.875
10,Bloco 3 meses,PCHIP,2016-07-01,552.3,491.953125
10,Bloco 3 meses,PCHIP,2016-08-01,563.1,490.75
10,Bloco 3 meses,PCHIP,2016-09-01,496.5,489.546875
10,Bloco 3 meses,Harmônica log,2016-07-01,552.3,556.7755005247917
10,Bloco 3 meses,Harmônica log,2016-08-01,563.1,570.9438421531811
10,Bloco 3 meses,Harmônica log,2016-09-01,496.5,503.61665059702676
10,Bloco 3 meses,Harmônica + resíduo,2016-07-01,552.3,559.6865391265919
10,Bloco 3 meses,Harmônica + resíduo,2016-08-01,563.1,581.8474414480412
10,Bloco 3 meses,Harmônica + resíduo,2016-09-01,496.5,520.315551724788
10,Bloco 6 meses,Média global,2017-03-01,513.9,581.6987804878049
10,Bloco 6 meses,Média global,2017-04-01,484.7,581.6987804878049
10,Bloco 6 meses,Média global,2017-05-01,496.8,581.6987804878049
10,Bloco 6 meses,Média global,2017-06-01,524.4,581.6987804878049
10,Bloco 6 meses,Média global,2017-07-01,607.2,581.6987804878049
10,Bloco 6 meses,Média global,2017-08-01,599.1,581.6987804878049
10,Bloco 6 meses,Linear,2017-03-01,513.9,460.64285714285717
10,Bloco 6 meses,Linear,2017-04-01,484.7,472.4857142857143
10,Bloco 6 meses,Linear,2017-05-01,496.8,484.3285714285715
10,Bloco 6 meses,Linear,2017-06-01,524.4,496.1714285714286
10,Bloco 6 meses,Linear,2017-07-01,607.2,508.01428571428573
10,Bloco 6 meses,Linear,2017-08-01,599.1,519.8571428571429
10,Bloco 6 meses,PCHIP,2017-03-01,513.9,453.3921282798834
10,Bloco 6 meses,PCHIP,2017-04-01,484.7,465.2349854227406
10,Bloco 6 meses,PCHIP,2017-05-01,496.8,481.42827988338195
10,Bloco 6 meses,PCHIP,2017-06-01,524.4,499.0717201166181
10,Bloco 6 meses,PCHIP,2017-07-01,607.2,515.2650145772595
10,Bloco 6 meses,PCHIP,2017-08-01,599.1,527.1078717201167
10,Bloco 6 meses,Harmônica log,2017-03-01,513.9,463.0879167520299
10,Bloco 6 meses,Harmônica log,2017-04-01,484.7,500.29730526852103
10,Bloco 6 meses,Harmônica log,2017-05-01,496.8,508.49854892965004
10,Bloco 6 meses,Harmônica log,2017-06-01,524.4,528.4525903513369
10,Bloco 6 meses,Harmônica log,2017-07-01,607.2,589.623721064897
10,Bloco 6 meses,Harmônica log,2017-08-01,599.1,605.7036342707954
10,Bloco 6 meses,Harmônica + resíduo,2017-03-01,513.9,460.28027183172304
10,Bloco 6 meses,Harmônica + resíduo,2017-04-01,484.7,497.15908500930124
10,Bloco 6 meses,Harmônica + resíduo,2017-05-01,496.8,505.20220686151566
10,Bloco 6 meses,Harmônica + resíduo,2017-06-01,524.4,524.9160556725094
10,Bloco 6 meses,Harmônica + resíduo,2017-07-01,607.2,585.5541693513476
10,Bloco 6 meses,Harmônica + resíduo,2017-08-01,599.1,601.3961098994964
11,Aleatório 10%,Média global,2016-02-01,381.2,576.3430379746835
11,Aleatório 10%,Média global,2018-09-01,574.2,576.3430379746835
11,Aleatório 10%,Média global,2020-03-01,549.3,576.3430379746835
11,Aleatório 10%,Média global,2020-11-01,646.7,576.3430379746835
11,Aleatório 10%,Média global,2021-05-01,672.4,576.3430379746835
11,Aleatório 10%,Média global,2021-09-01,694.7,576.3430379746835
11,Aleatório 10%,Média global,2022-05-01,671.6,576.3430379746835
11,Aleatório 10%,Média global,2022-09-01,709.2,576.3430379746835
11,Aleatório 10%,Linear,2016-02-01,381.2,473.6
11,Aleatório 10%,Linear,2018-09-01,574.2,600.1
11,Aleatório 10%,Linear,2020-03-01,549.3,498.5
11,Aleatório 10%,Linear,2020-11-01,646.7,655.6
11,Aleatório 10%,Linear,2021-05-01,672.4,669.7
11,Aleatório 10%,Linear,2021-09-01,694.7,710.5
11,Aleatório 10%,Linear,2022-05-01,671.6,690.6500000000001
11,Aleatório 10%,Linear,2022-09-01,709.2,767.7
11,Aleatório 10%,PCHIP,2016-02-01,381.2,475.563015776699
11,Aleatório 10%,PCHIP,2018-09-01,574.2,600.1
11,Aleatório 10%,PCHIP,2020-03-01,549.3,487.7542978625604
11,Aleatório 10%,PCHIP,2020-11-01,646.7,647.0666666666667
11,Aleatório 10%,PCHIP,2021-05-01,672.4,657.7327510917031
11,Aleatório 10%,PCHIP,2021-09-01,694.7,705.0229768786128
11,Aleatório 10%,PCHIP,2022-05-01,671.6,673.439699493121
11,Aleatório 10%,PCHIP,2022-09-01,709.2,767.9684713375796
11,Aleatório 10%,Harmônica log,2016-02-01,381.2,430.55450133184894
11,Aleatório 10%,Harmônica log,2018-09-01,574.2,569.3310665790451
11,Aleatório 10%,Harmônica log,2020-03-01,549.3,566.6787446785785
11,Aleatório 10%,Harmônica log,2020-11-01,646.7,654.2870104893643
11,Aleatório 10%,Harmônica log,2021-05-01,672.4,646.7004757913984
11,Aleatório 10%,Harmônica log,2021-09-01,694.7,685.6216631700423
11,Aleatório 10%,Harmônica log,2022-05-01,671.6,688.0337308621556
11,Aleatório 10%,Harmônica log,2022-09-01,709.2,729.4425294701106
11,Aleatório 10%,Harmônica + resíduo,2016-02-01,381.2,451.67714650206267
11,Aleatório 10%,Harmônica + resíduo,2018-09-01,574.2,582.7260751580544
11,Aleatório 10%,Harmônica + resíduo,2020-03-01,549.3,486.59260044632276
11,Aleatório 10%,Harmônica + resíduo,2020-11-01,646.7,695.2552709909467
11,Aleatório 10%,Harmônica + resíduo,2021-05-01,672.4,656.3731551362517
11,Aleatório 10%,Harmônica + resíduo,2021-09-01,694.7,690.8039424807681
11,Aleatório 10%,Harmônica + resíduo,2022-05-01,671.6,675.6502133178692
11,Aleatório 10%,Harmônica + resíduo,2022-09-01,709.2,743.763283622331
11,Aleatório 20%,Média global,2015-05-01,456.7,588.9514285714284
11,Aleatório 20%,Média global,2015-11-01,465.8,588.9514285714284
11,Aleatório 20%,Média global,2016-06-01,492.5,588.9514285714284
11,Aleatório 20%,Média global,2016-08-01,563.1,588.9514285714284
11,Aleatório 20%,Média global,2016-10-01,489.0,588.9514285714284
11,Aleatório 20%,Média global,2016-11-01,507.2,588.9514285714284
11,Aleatório 20%,Média global,2017-02-01,448.8,588.9514285714284
11,Aleatório 20%,Média global,2017-06-01,524.4,588.9514285714284
11,Aleatório 20%,Média global,2017-09-01,531.7,588.9514285714284
11,Aleatório 20%,Média global,2018-05-01,553.4,588.9514285714284
11,Aleatório 20%,Média global,2018-07-01,648.4,588.9514285714284
11,Aleatório 20%,Média global,2019-02-01,489.1,588.9514285714284
11,Aleatório 20%,Média global,2019-03-01,573.2,588.9514285714284
11,Aleatório 20%,Média global,2019-04-01,553.4,588.9514285714284
11,Aleatório 20%,Média global,2020-06-01,635.0,588.9514285714284
11,Aleatório 20%,Média global,2021-03-01,663.1,588.9514285714284
11,Aleatório 20%,Linear,2015-05-01,456.7,456.9
11,Aleatório 20%,Linear,2015-11-01,465.8,464.40000000000003
11,Aleatório 20%,Linear,2016-06-01,492.5,512.65
11,Aleatório 20%,Linear,2016-08-01,563.1,524.4
11,Aleatório 20%,Linear,2016-10-01,489.0,499.4
11,Aleatório 20%,Linear,2016-11-01,507.2,502.3
11,Aleatório 20%,Linear,2017-02-01,448.8,511.0
11,Aleatório 20%,Linear,2017-06-01,524.4,552.0
11,Aleatório 20%,Linear,2017-09-01,531.7,556.05
11,Aleatório 20%,Linear,2018-05-01,553.4,544.0
11,Aleatório 20%,Linear,2018-07-01,648.4,609.2
11,Aleatório 20%,Linear,2019-02-01,489.1,565.6
11,Aleatório 20%,Linear,2019-03-01,573.2,565.9
11,Aleatório 20%,Linear,2019-04-01,553.4,566.2
11,Aleatório 20%,Linear,2020-06-01,635.0,637.5
11,Aleatório 20%,Linear,2021-03-01,663.1,581.25
11,Aleatório 20%,PCHIP,2015-05-01,456.7,451.5493793445879
11,Aleatório 20%,PCHIP,2015-11-01,465.8,461.00000000000006
11,Aleatório 20%,PCHIP,2016-06-01,492.5,518.118575099943
11,Aleatório 20%,PCHIP,2016-08-01,563.1,524.4
11,Aleatório 20%,PCHIP,2016-10-01,489.0,497.7888888888889
11,Aleatório 20%,PCHIP,2016-11-01,507.2,501.0111111111111
11,Aleatório 20%,PCHIP,2017-02-01,448.8,512.6111111111111
11,Aleatório 20%,PCHIP,2017-06-01,524.4,556.6326140567202
11,Aleatório 20%,PCHIP,2017-09-01,531.7,552.8818746214416
11,Aleatório 20%,PCHIP,2018-05-01,553.4,536.6635736196318
11,Aleatório 20%,PCHIP,2018-07-01,648.4,616.5364263803681
11,Aleatório 20%,PCHIP,2019-02-01,489.1,565.5919582455057
11,Aleatório 20%,PCHIP,2019-03-01,573.2,565.6837877344658
11,Aleatório 20%,PCHIP,2019-04-01,553.4,565.934202309468
11,Aleatório 20%,PCHIP,2020-06-01,635.0,635.7578742022795
11,Aleatório 20%,PCHIP,2021-03-01,663.1,570.5696477530099
11,Aleatório 20%,Harmônica log,2015-05-01,456.7,448.2983852520992
11,Aleatório 20%,Harmônica log,2015-11-01,465.8,482.7912315816413
11,Aleatório 20%,Harmônica log,2016-06-01,492.5,497.5249226693341
11,Aleatório 20%,Harmônica log,2016-08-01,563.1,570.8614348721185
11,Aleatório 20%,Harmônica log,2016-10-01,489.0,466.9252071431003
11,Aleatório 20%,Harmônica log,2016-11-01,507.2,513.2384662184643
11,Aleatório 20%,Harmônica log,2017-02-01,448.8,451.1513372837507
11,Aleatório 20%,Harmônica log,2017-06-01,524.4,528.9013377060244
11,Aleatório 20%,Harmônica log,2017-09-01,531.7,535.5432058709033
11,Aleatório 20%,Harmônica log,2018-05-01,553.4,538.5755681670742
11,Aleatório 20%,Harmônica log,2018-07-01,648.4,628.9451240999854
11,Aleatório 20%,Harmônica log,2019-02-01,489.1,509.8493831086662
11,Aleatório 20%,Harmônica log,2019-03-01,573.2,521.2122833559417
11,Aleatório 20%,Harmônica log,2019-04-01,553.4,562.1668428704694
11,Aleatório 20%,Harmônica log,2020-06-01,635.0,635.4101371548791
11,Aleatório 20%,Harmônica log,2021-03-01,663.1,589.0257640321472
11,Aleatório 20%,Harmônica + resíduo,2015-05-01,456.7,451.02542958444366
11,Aleatório 20%,Harmônica + resíduo,2015-11-01,465.8,495.91988443214854
11,Aleatório 20%,Harmônica + resíduo,2016-06-01,492.5,493.76793144751645
11,Aleatório 20%,Harmônica + resíduo,2016-08-01,563.1,564.5650060267899
11,Aleatório 20%,Harmônica + resíduo,2016-10-01,489.0,469.69405186469186
11,Aleatório 20%,Harmônica + resíduo,2016-11-01,507.2,526.9508575190731
11,Aleatório 20%,Harmônica + resíduo,2017-02-01,448.8,492.51866863691083
11,Aleatório 20%,Harmônica + resíduo,2017-06-01,524.4,530.5929358289981
11,Aleatório 20%,Harmônica + resíduo,2017-09-01,531.7,540.9461315187755
11,Aleatório 20%,Harmônica + resíduo,2018-05-01,553.4,536.8592016996048
11,Aleatório 20%,Harmônica + resíduo,2018-07-01,648.4,634.6009436286218
11,Aleatório 20%,Harmônica + resíduo,2019-02-01,489.1,500.4124301141041
11,Aleatório 20%,Harmônica + resíduo,2019-03-01,573.2,512.9439554255052
11,Aleatório 20%,Harmônica + resíduo,2019-04-01,553.4,554.7401310129164
11,Aleatório 20%,Harmônica + resíduo,2020-06-01,635.0,614.3348055043529
11,Aleatório 20%,Harmônica + resíduo,2021-03-01,663.1,563.3544350444276
11,Bloco 3 meses,Média global,2015-03-01,444.8,583.3223529411764
11,Bloco 3 meses,Média global,2015-04-01,441.5,583.3223529411764
11,Bloco 3 meses,Média global,2015-05-01,456.7,583.3223529411764
11,Bloco 3 meses,Linear,2015-03-01,444.8,387.7
11,Bloco 3 meses,Linear,2015-04-01,441.5,415.9
11,Bloco 3 meses,Linear,2015-05-01,456.7,444.1
11,Bloco 3 meses,PCHIP,2015-03-01,444.8,371.52413998637604
11,Bloco 3 meses,PCHIP,2015-04-01,441.5,400.96437329700274
11,Bloco 3 meses,PCHIP,2015-05-01,456.7,437.8724199591281
11,Bloco 3 meses,Harmônica log,2015-03-01,444.8,408.18405061864814
11,Bloco 3 meses,Harmônica log,2015-04-01,441.5,438.66065335619334
11,Bloco 3 meses,Harmônica log,2015-05-01,456.7,445.2859654976721
11,Bloco 3 meses,Harmônica + resíduo,2015-03-01,444.8,379.41991014384183
11,Bloco 3 meses,Harmônica + resíduo,2015-04-01,441.5,419.9724238880156
11,Bloco 3 meses,Harmônica + resíduo,2015-05-01,456.7,439.0956238792087
11,Bloco 6 meses,Média global,2017-02-01,448.8,584.7259259259258
11,Bloco 6 meses,Média global,2017-03-01,513.9,584.7259259259258
11,Bloco 6 meses,Média global,2017-04-01,484.7,584.7259259259258
11,Bloco 6 meses,Média global,2017-05-01,496.8,584.7259259259258
11,Bloco 6 meses,Média global,2017-06-01,524.4,584.7259259259258
11,Bloco 6 meses,Média global,2017-07-01,607.2,584.7259259259258
11,Bloco 6 meses,Linear,2017-02-01,448.8,537.8333333333334
11,Bloco 6 meses,Linear,2017-03-01,513.9,548.0444444444445
11,Bloco 6 meses,Linear,2017-04-01,484.7,558.2555555555556
11,Bloco 6 meses,Linear,2017-05-01,496.8,568.4666666666667
11,Bloco 6 meses,Linear,2017-06-01,524.4,578.6777777777778
11,Bloco 6 meses,Linear,2017-07-01,607.2,588.8888888888889
11,Bloco 6 meses,PCHIP,2017-02-01,448.8,549.8830526769617
11,Bloco 6 meses,PCHIP,2017-03-01,513.9,562.9834849889563
11,Bloco 6 meses,PCHIP,2017-04-01,484.7,574.7450595961033
11,Bloco 6 meses,PCHIP,2017-05-01,496.8,584.7026374495921
11,Bloco 6 meses,PCHIP,2017-06-01,524.4,592.3910795006116
11,Bloco 6 meses,PCHIP,2017-07-01,607.2,597.3452467003511
11,Bloco 6 meses,Harmônica log,2017-02-01,448.8,452.47656592687105
11,Bloco 6 meses,Harmônica log,2017-03-01,513.9,462.9465972736403
11,Bloco 6 meses,Harmônica log,2017-04-01,484.7,500.232074909698
11,Bloco 6 meses,Harmônica log,2017-05-01,496.8,508.9274353720367
11,Bloco 6 meses,Harmônica log,2017-06-01,524.4,528.5897496579953
11,Bloco 6 meses,Harmônica log,2017-07-01,607.2,589.262070681364
11,Bloco 6 meses,Harmônica + resíduo,2017-02-01,448.8,448.427825092545
11,Bloco 6 meses,Harmônica + resíduo,2017-03-01,513.9,458.6759258370684
11,Bloco 6 meses,Harmônica + resíduo,2017-04-01,484.7,495.47891054096095
11,Bloco 6 meses,Harmônica + resíduo,2017-05-01,496.8,503.950744402692
11,Bloco 6 meses,Harmônica + resíduo,2017-06-01,524.4,523.2744782968063
11,Bloco 6 meses,Harmônica + resíduo,2017-07-01,607.2,583.173649914233
12,Aleatório 10%,Média global,2015-06-01,472.3,582.8487499999999
12,Aleatório 10%,Média global,2015-11-01,465.8,582.8487499999999
12,Aleatório 10%,Média global,2016-04-01,456.9,582.8487499999999
12,Aleatório 10%,Média global,2016-10-01,489.0,582.8487499999999
12,Aleatório 10%,Média global,2017-07-01,607.2,582.8487499999999
12,Aleatório 10%,Média global,2018-09-01,574.2,582.8487499999999
12,Aleatório 10%,Média global,2020-03-01,549.3,582.8487499999999
12,Aleatório 10%,Média global,2022-11-01,682.8,582.8487499999999
12,Aleatório 10%,Linear,2015-06-01,472.3,480.04999999999995
12,Aleatório 10%,Linear,2015-11-01,465.8,464.40000000000003
12,Aleatório 10%,Linear,2016-04-01,456.9,474.6
12,Aleatório 10%,Linear,2016-10-01,489.0,501.85
12,Aleatório 10%,Linear,2017-07-01,607.2,561.75
12,Aleatório 10%,Linear,2018-09-01,574.2,600.1
12,Aleatório 10%,Linear,2020-03-01,549.3,498.5
12,Aleatório 10%,Linear,2022-11-01,682.8,683.4
12,Aleatório 10%,PCHIP,2015-06-01,472.3,481.45221977073834
12,Aleatório 10%,PCHIP,2015-11-01,465.8,461.00000000000006
12,Aleatório 10%,PCHIP,2016-04-01,456.9,474.6
12,Aleatório 10%,PCHIP,2016-10-01,489.0,501.84999999999997
12,Aleatório 10%,PCHIP,2017-07-01,607.2,569.5556032306915
12,Aleatório 10%,PCHIP,2018-09-01,574.2,600.1
12,Aleatório 10%,PCHIP,2020-03-01,549.3,487.7542978625604
12,Aleatório 10%,PCHIP,2022-11-01,682.8,683.4
12,Aleatório 10%,Harmônica log,2015-06-01,472.3,463.0472497896751
12,Aleatório 10%,Harmônica log,2015-11-01,465.8,485.5219526512722
12,Aleatório 10%,Harmônica log,2016-04-01,456.9,472.23340496748557
12,Aleatório 10%,Harmônica log,2016-10-01,489.0,465.33984539184
12,Aleatório 10%,Harmônica log,2017-07-01,607.2,590.545337963015
12,Aleatório 10%,Harmônica log,2018-09-01,574.2,565.7533304518051
12,Aleatório 10%,Harmônica log,2020-03-01,549.3,564.8455131932259
12,Aleatório 10%,Harmônica log,2022-11-01,682.8,754.629786936908
12,Aleatório 10%,Harmônica + resíduo,2015-06-01,472.3,461.0663198191963
12,Aleatório 10%,Harmônica + resíduo,2015-11-01,465.8,501.3159496470319
12,Aleatório 10%,Harmônica + resíduo,2016-04-01,456.9,491.12279574983677
12,Aleatório 10%,Harmônica + resíduo,2016-10-01,489.0,459.8136475322805
12,Aleatório 10%,Harmônica + resíduo,2017-07-01,607.2,587.2686540968467
12,Aleatório 10%,Harmônica + resíduo,2018-09-01,574.2,580.0479095949036
12,Aleatório 10%,Harmônica + resíduo,2020-03-01,549.3,485.47464312151226
12,Aleatório 10%,Harmônica + resíduo,2022-11-01,682.8,759.4065331291094
12,Aleatório 20%,Média global,2016-09-01,496.5,577.5785714285714
12,Aleatório 20%,Média global,2017-02-01,448.8,577.5785714285714
12,Aleatório 20%,Média global,2017-11-01,531.0,577.5785714285714
12,Aleatório 20%,Média global,2018-03-01,532.5,577.5785714285714
12,Aleatório 20%,Média global,2018-04-01,521.7,577.5785714285714
12,Aleatório 20%,Média global,2018-11-01,564.7,577.5785714285714
12,Aleatório 20%,Média global,2019-07-01,667.2,577.5785714285714
12,Aleatório 20%,Média global,2019-09-01,602.0,577.5785714285714
12,Aleatório 20%,Média global,2020-02-01,439.8,577.5785714285714
12,Aleatório 20%,Média global,2020-05-01,592.6,577.5785714285714
12,Aleatório 20%,Média global,2020-10-01,617.2,577.5785714285714
12,Aleatório 20%,Média global,2020-11-01,646.7,577.5785714285714
12,Aleatório 20%,Média global,2021-03-01,663.1,577.5785714285714
12,Aleatório 20%,Média global,2021-08-01,760.7,577.5785714285714
12,Aleatório 20%,Média global,2021-10-01,660.3,577.5785714285714
12,Aleatório 20%,Média global,2022-11-01,682.8,577.5785714285714
12,Aleatório 20%,Linear,2016-09-01,496.5,526.05
12,Aleatório 20%,Linear,2017-02-01,448.8,512.225
12,Aleatório 20%,Linear,2017-11-01,531.0,541.8333333333334
12,Aleatório 20%,Linear,2018-03-01,532.5,488.26666666666665
12,Aleatório 20%,Linear,2018-04-01,521.7,520.8333333333333
12,Aleatório 20%,Linear,2018-11-01,564.7,571.1333333333333
12,Aleatório 20%,Linear,2019-07-01,667.2,637.85
12,Aleatório 20%,Linear,2019-09-01,602.0,628.0
12,Aleatório 20%,Linear,2020-02-01,439.8,559.775
12,Aleatório 20%,Linear,2020-05-01,592.6,596.1
12,Aleatório 20%,Linear,2020-10-01,617.2,667.15
12,Aleatório 20%,Linear,2020-11-01,646.7,688.9
12,Aleatório 20%,Linear,2021-03-01,663.1,581.25
12,Aleatório 20%,Linear,2021-08-01,760.7,735.25
12,Aleatório 20%,Linear,2021-10-01,660.3,683.25
12,Aleatório 20%,Linear,2022-11-01,682.8,683.4
12,Aleatório 20%,PCHIP,2016-09-01,496.5,526.05
12,Aleatório 20%,PCHIP,2017-02-01,448.8,513.5430390012069
12,Aleatório 20%,PCHIP,2017-11-01,531.0,535.425925925926
12,Aleatório 20%,PCHIP,2018-03-01,532.5,477.19913042744133
12,Aleatório 20%,PCHIP,2018-04-01,521.7,520.4093719659938
12,Aleatório 20%,PCHIP,2018-11-01,564.7,566.0148148148148
12,Aleatório 20%,PCHIP,2019-07-01,667.2,646.5895393621939
12,Aleatório 20%,PCHIP,2019-09-01,602.0,628.0
12,Aleatório 20%,PCHIP,2020-02-01,439.8,555.846875
12,Aleatório 20%,PCHIP,2020-05-01,592.6,588.35709463618
12,Aleatório 20%,PCHIP,2020-10-01,617.2,658.99375
12,Aleatório 20%,PCHIP,2020-11-01,646.7,688.9
12,Aleatório 20%,PCHIP,2021-03-01,663.1,570.5696477530099
12,Aleatório 20%,PCHIP,2021-08-01,760.7,739.7143990384615
12,Aleatório 20%,PCHIP,2021-10-01,660.3,678.7856009615384
12,Aleatório 20%,PCHIP,2022-11-01,682.8,683.4
12,Aleatório 20%,Harmônica log,2016-09-01,496.5,500.8685851782369
12,Aleatório 20%,Harmônica log,2017-02-01,448.8,457.9110022807271
12,Aleatório 20%,Harmônica log,2017-11-01,531.0,553.3410579891234
12,Aleatório 20%,Harmônica log,2018-03-01,532.5,493.43803384854175
12,Aleatório 20%,Harmônica log,2018-04-01,521.7,530.0284131554689
12,Aleatório 20%,Harmônica log,2018-11-01,564.7,589.3390758169757
12,Aleatório 20%,Harmônica log,2019-07-01,667.2,671.2651325606488
12,Aleatório 20%,Harmônica log,2019-09-01,602.0,605.1190398570438
12,Aleatório 20%,Harmônica log,2020-02-01,439.8,553.2202941845228
12,Aleatório 20%,Harmônica log,2020-05-01,592.6,612.0674309664535
12,Aleatório 20%,Harmônica log,2020-10-01,617.2,599.9758957482899
12,Aleatório 20%,Harmônica log,2020-11-01,646.7,668.5130983104184
12,Aleatório 20%,Harmônica log,2021-03-01,663.1,596.1418985084129
12,Aleatório 20%,Harmônica log,2021-08-01,760.7,779.5554767218205
12,Aleatório 20%,Harmônica log,2021-10-01,660.3,639.0077779475195
12,Aleatório 20%,Harmônica log,2022-11-01,682.8,758.3236560261382
12,Aleatório 20%,Harmônica + resíduo,2016-09-01,496.5,510.33588658292956
12,Aleatório 20%,Harmônica + resíduo,2017-02-01,448.8,491.96533716545474
12,Aleatório 20%,Harmônica + resíduo,2017-11-01,531.0,580.318806442645
12,Aleatório 20%,Harmônica + resíduo,2018-03-01,532.5,475.6029608706372
12,Aleatório 20%,Harmônica + resíduo,2018-04-01,521.7,526.9839630014768
12,Aleatório 20%,Harmônica + resíduo,2018-11-01,564.7,612.4075172280866
12,Aleatório 20%,Harmônica + resíduo,2019-07-01,667.2,665.4623891342098
12,Aleatório 20%,Harmônica + resíduo,2019-09-01,602.0,608.8951737798157
12,Aleatório 20%,Harmônica + resíduo,2020-02-01,439.8,537.3676716890809
12,Aleatório 20%,Harmônica + resíduo,2020-05-01,592.6,587.3070757920499
12,Aleatório 20%,Harmônica + resíduo,2020-10-01,617.2,614.131258275531
12,Aleatório 20%,Harmônica + resíduo,2020-11-01,646.7,699.437510415205
12,Aleatório 20%,Harmônica + resíduo,2021-03-01,663.1,561.5998380773365
12,Aleatório 20%,Harmônica + resíduo,2021-08-01,760.7,791.6048150796157
12,Aleatório 20%,Harmônica + resíduo,2021-10-01,660.3,624.4402827464971
12,Aleatório 20%,Harmônica + resíduo,2022-11-01,682.8,761.4670099630271
12,Bloco 3 meses,Média global,2017-02-01,448.8,583.2285714285714
12,Bloco 3 meses,Média global,2017-03-01,513.9,583.2285714285714
12,Bloco 3 meses,Média global,2017-04-01,484.7,583.2285714285714
12,Bloco 3 meses,Linear,2017-02-01,448.8,502.0
12,Bloco 3 meses,Linear,2017-03-01,513.9,500.26666666666665
12,Bloco 3 meses,Linear,2017-04-01,484.7,498.53333333333336
12,Bloco 3 meses,PCHIP,2017-02-01,448.8,502.0
12,Bloco 3 meses,PCHIP,2017-03-01,513.9,499.4962962962963
12,Bloco 3 meses,PCHIP,2017-04-01,484.7,497.57037037037037
12,Bloco 3 meses,Harmônica log,2017-02-01,448.8,452.5972716120685
12,Bloco 3 meses,Harmônica log,2017-03-01,513.9,463.24370712898
12,Bloco 3 meses,Harmônica log,2017-04-01,484.7,499.6186885479186
12,Bloco 3 meses,Harmônica + resíduo,2017-02-01,448.8,445.7718425692399
12,Bloco 3 meses,Harmônica + resíduo,2017-03-01,513.9,455.27438623454884
12,Bloco 3 meses,Harmônica + resíduo,2017-04-01,484.7,489.9653322311191
12,Bloco 6 meses,Média global,2021-02-01,526.4,570.5666666666667
12,Bloco 6 meses,Média global,2021-03-01,663.1,570.5666666666667
12,Bloco 6 meses,Média global,2021-04-01,636.1,570.5666666666667
12,Bloco 6 meses,Média global,2021-05-01,672.4,570.5666666666667
12,Bloco 6 meses,Média global,2021-06-01,703.3,570.5666666666667
12,Bloco 6 meses,Média global,2021-07-01,775.8,570.5666666666667
12,Bloco 6 meses,Linear,2021-02-01,526.4,684.7
12,Bloco 6 meses,Linear,2021-03-01,663.1,697.3666666666667
12,Bloco 6 meses,Linear,2021-04-01,636.1,710.0333333333334
12,Bloco 6 meses,Linear,2021-05-01,672.4,722.7
12,Bloco 6 meses,Linear,2021-06-01,703.3,735.3666666666667
12,Bloco 6 meses,Linear,2021-07-01,775.8,748.0333333333334
12,Bloco 6 meses,PCHIP,2021-02-01,526.4,702.7020315213474
12,Bloco 6 meses,PCHIP,2021-03-01,663.1,718.7265723963093
12,Bloco 6 meses,PCHIP,2021-04-01,636.1,732.7508875466771
12,Bloco 6 meses,PCHIP,2021-05-01,672.4,744.3676824273405
12,Bloco 6 meses,PCHIP,2021-06-01,703.3,753.169662493189
12,Bloco 6 meses,PCHIP,2021-07-01,775.8,758.7495331991122
12,Bloco 6 meses,Harmônica log,2021-02-01,526.4,578.7506395656974
12,Bloco 6 meses,Harmônica log,2021-03-01,663.1,595.3687049758365
12,Bloco 6 meses,Harmônica log,2021-04-01,636.1,635.7681467073663
12,Bloco 6 meses,Harmônica log,2021-05-01,672.4,642.7079136966651
12,Bloco 6 meses,Harmônica log,2021-06-01,703.3,672.4825500167971
12,Bloco 6 meses,Harmônica log,2021-07-01,775.8,753.3808217523544
12,Bloco 6 meses,Harmônica + resíduo,2021-02-01,526.4,573.1891326353845
12,Bloco 6 meses,Harmônica + resíduo,2021-03-01,663.1,589.1469800898652
12,Bloco 6 meses,Harmônica + resíduo,2021-04-01,636.1,628.5902026905825
12,Bloco 6 meses,Harmônica + resíduo,2021-05-01,672.4,634.9122106492952
12,Bloco 6 meses,Harmônica + resíduo,2021-06-01,703.3,663.7617788597665
12,Bloco 6 meses,Harmônica + resíduo,2021-07-01,775.8,742.9797401304663
13,Aleatório 10%,Média global,2015-06-01,472.3,586.1666666666666
13,Aleatório 10%,Média global,2016-02-01,381.2,586.1666666666666
13,Aleatório 10%,Média global,2016-03-01,476.2,586.1666666666666
13,Aleatório 10%,Média global,2016-04-01,456.9,586.1666666666666
13,Aleatório 10%,Média global,2018-06-01,566.3,586.1666666666666
13,Aleatório 10%,Média global,2019-02-01,489.1,586.1666666666666
13,Aleatório 10%,Média global,2019-03-01,573.2,586.1666666666666
13,Aleatório 10%,Média global,2019-08-01,677.0,586.1666666666666
13,Aleatório 10%,Linear,2015-06-01,472.3,480.04999999999995
13,Aleatório 10%,Linear,2016-02-01,381.2,469.40000000000003
13,Aleatório 10%,Linear,2016-03-01,476.2,470.6
13,Aleatório 10%,Linear,2016-04-01,456.9,471.8
13,Aleatório 10%,Linear,2018-06-01,566.3,600.9
13,Aleatório 10%,Linear,2019-02-01,489.1,557.92
13,Aleatório 10%,Linear,2019-03-01,573.2,555.66
13,Aleatório 10%,Linear,2019-08-01,677.0,634.6
13,Aleatório 10%,PCHIP,2015-06-01,472.3,481.45221977073834
13,Aleatório 10%,PCHIP,2016-02-01,381.2,469.3677553009993
13,Aleatório 10%,PCHIP,2016-03-01,476.2,469.8414980908279
13,Aleatório 10%,PCHIP,2016-04-01,456.9,470.86978633520187
13,Aleatório 10%,PCHIP,2018-06-01,566.3,608.6325253291458
13,Aleatório 10%,PCHIP,2019-02-01,489.1,557.3776
13,Aleatório 10%,PCHIP,2019-03-01,573.2,554.5752
13,Aleatório 10%,PCHIP,2019-08-01,677.0,641.2158823529412
13,Aleatório 10%,Harmônica log,2015-06-01,472.3,467.7810555126651
13,Aleatório 10%,Harmônica log,2016-02-01,381.2,426.8389283641446
13,Aleatório 10%,Harmônica log,2016-03-01,476.2,437.333511789449
13,Aleatório 10%,Harmônica log,2016-04-01,456.9,467.6838914081489
13,Aleatório 10%,Harmônica log,2018-06-01,566.3,563.5484348326595
13,Aleatório 10%,Harmônica log,2019-02-01,489.1,514.2243516929916
13,Aleatório 10%,Harmônica log,2019-03-01,573.2,526.8674589626291
13,Aleatório 10%,Harmônica log,2019-08-01,677.0,684.7369310586233
13,Aleatório 10%,Harmônica + resíduo,2015-06-01,472.3,464.422523054822
13,Aleatório 10%,Harmônica + resíduo,2016-02-01,381.2,420.37002173570806
13,Aleatório 10%,Harmônica + resíduo,2016-03-01,476.2,432.21947891809936
13,Aleatório 10%,Harmônica + resíduo,2016-04-01,456.9,463.8396294671158
13,Aleatório 10%,Harmônica + resíduo,2018-06-01,566.3,580.2060360714252
13,Aleatório 10%,Harmônica + resíduo,2019-02-01,489.1,504.75640767165766
13,Aleatório 10%,Harmônica + resíduo,2019-03-01,573.2,517.3268733623248
13,Aleatório 10%,Harmônica + resíduo,2019-08-01,677.0,680.770856132856
13,Aleatório 20%,Média global,2015-02-01,359.5,583.8242857142857
13,Aleatório 20%,Média global,2015-08-01,512.4,583.8242857142857
13,Aleatório 20%,Média global,2015-11-01,465.8,583.8242857142857
13,Aleatório 20%,Média global,2016-02-01,381.2,583.8242857142857
13,Aleatório 20%,Média global,2017-03-01,513.9,583.8242857142857
13,Aleatório 20%,Média global,2017-04-01,484.7,583.8242857142857
13,Aleatório 20%,Média global,2017-09-01,531.7,583.8242857142857
13,Aleatório 20%,Média global,2018-07-01,648.4,583.8242857142857
13,Aleatório 20%,Média global,2019-04-01,553.4,583.8242857142857
13,Aleatório 20%,Média global,2019-05-01,566.5,583.8242857142857
13,Aleatório 20%,Média global,2019-08-01,677.0,583.8242857142857
13,Aleatório 20%,Média global,2020-03-01,549.3,583.8242857142857
13,Aleatório 20%,Média global,2020-09-01,645.4,583.8242857142857
13,Aleatório 20%,Média global,2021-05-01,672.4,583.8242857142857
13,Aleatório 20%,Média global,2022-07-01,832.4,583.8242857142857
13,Aleatório 20%,Média global,2022-11-01,682.8,583.8242857142857
13,Aleatório 20%,Linear,2015-02-01,359.5,444.8
13,Aleatório 20%,Linear,2015-08-01,512.4,479.85
13,Aleatório 20%,Linear,2015-11-01,465.8,454.52000000000004
13,Aleatório 20%,Linear,2016-02-01,381.2,470.78
13,Aleatório 20%,Linear,2017-03-01,513.9,464.8
13,Aleatório 20%,Linear,2017-04-01,484.7,480.8
13,Aleatório 20%,Linear,2017-09-01,531.7,556.05
13,Aleatório 20%,Linear,2018-07-01,648.4,609.2
13,Aleatório 20%,Linear,2019-04-01,553.4,581.7
13,Aleatório 20%,Linear,2019-05-01,566.5,590.2
13,Aleatório 20%,Linear,2019-08-01,677.0,634.6
13,Aleatório 20%,Linear,2020-03-01,549.3,498.5
13,Aleatório 20%,Linear,2020-09-01,645.4,673.3
13,Aleatório 20%,Linear,2021-05-01,672.4,669.7
13,Aleatório 20%,Linear,2022-07-01,832.4,798.55
13,Aleatório 20%,Linear,2022-11-01,682.8,683.4
13,Aleatório 20%,PCHIP,2015-02-01,359.5,444.8
13,Aleatório 20%,PCHIP,2015-08-01,512.4,482.45327533265095
13,Aleatório 20%,PCHIP,2015-11-01,465.8,451.9184
13,Aleatório 20%,PCHIP,2016-02-01,381.2,473.3816
13,Aleatório 20%,PCHIP,2017-03-01,513.9,456.5340444444444
13,Aleatório 20%,PCHIP,2017-04-01,484.7,474.93475555555557
13,Aleatório 20%,PCHIP,2017-09-01,531.7,552.8818746214416
13,Aleatório 20%,PCHIP,2018-07-01,648.4,613.8793404735062
13,Aleatório 20%,PCHIP,2019-04-01,553.4,583.8915339966834
13,Aleatório 20%,PCHIP,2019-05-01,566.5,588.3355679933665
13,Aleatório 20%,PCHIP,2019-08-01,677.0,641.2158823529412
13,Aleatório 20%,PCHIP,2020-03-01,549.3,487.7542978625604
13,Aleatório 20%,PCHIP,2020-09-01,645.4,673.3
13,Aleatório 20%,PCHIP,2021-05-01,672.4,657.7327510917031
13,Aleatório 20%,PCHIP,2022-07-01,832.4,814.2992984409799
13,Aleatório 20%,PCHIP,2022-11-01,682.8,683.4
13,Aleatório 20%,Harmônica log,2015-02-01,359.5,405.49954232486175
13,Aleatório 20%,Harmônica log,2015-08-01,512.4,535.9556773466444
13,Aleatório 20%,Harmônica log,2015-11-01,465.8,484.73366382007754
13,Aleatório 20%,Harmônica log,2016-02-01,381.2,431.129758200246
13,Aleatório 20%,Harmônica log,2017-03-01,513.9,472.14099250056705
13,Aleatório 20%,Harmônica log,2017-04-01,484.7,501.70294921492706
13,Aleatório 20%,Harmônica log,2017-09-01,531.7,536.5860296134908
13,Aleatório 20%,Harmônica log,2018-07-01,648.4,629.7217352235097
13,Aleatório 20%,Harmônica log,2019-04-01,553.4,567.1290821608854
13,Aleatório 20%,Harmônica log,2019-05-01,566.5,570.2855712411382
13,Aleatório 20%,Harmônica log,2019-08-01,677.0,684.8562198499986
13,Aleatório 20%,Harmônica log,2020-03-01,549.3,567.4460864287996
13,Aleatório 20%,Harmônica log,2020-09-01,645.4,644.8998230887094
13,Aleatório 20%,Harmônica log,2021-05-01,672.4,644.6554342438772
13,Aleatório 20%,Harmônica log,2022-07-01,832.4,804.6725976999388
13,Aleatório 20%,Harmônica log,2022-11-01,682.8,744.4346970602314
13,Aleatório 20%,Harmônica + resíduo,2015-02-01,359.5,431.8358589686673
13,Aleatório 20%,Harmônica + resíduo,2015-08-01,512.4,515.0634988634852
13,Aleatório 20%,Harmônica + resíduo,2015-11-01,465.8,496.5849566793497
13,Aleatório 20%,Harmônica + resíduo,2016-02-01,381.2,457.0693303504624
13,Aleatório 20%,Harmônica + resíduo,2017-03-01,513.9,463.1603160552031
13,Aleatório 20%,Harmônica + resíduo,2017-04-01,484.7,493.10420312994614
13,Aleatório 20%,Harmônica + resíduo,2017-09-01,531.7,539.8101490366738
13,Aleatório 20%,Harmônica + resíduo,2018-07-01,648.4,636.412035338028
13,Aleatório 20%,Harmônica + resíduo,2019-04-01,553.4,595.4044415202262
13,Aleatório 20%,Harmônica + resíduo,2019-05-01,566.5,585.2662466588812
13,Aleatório 20%,Harmônica + resíduo,2019-08-01,677.0,681.0910888450587
13,Aleatório 20%,Harmônica + resíduo,2020-03-01,549.3,487.3811537316825
13,Aleatório 20%,Harmônica + resíduo,2020-09-01,645.4,653.3238931451905
13,Aleatório 20%,Harmônica + resíduo,2021-05-01,672.4,655.6556691715537
13,Aleatório 20%,Harmônica + resíduo,2022-07-01,832.4,834.4207247730683
13,Aleatório 20%,Harmônica + resíduo,2022-11-01,682.8,747.0750700325898
13,Bloco 3 meses,Média global,2018-08-01,652.1,578.2470588235294
13,Bloco 3 meses,Média global,2018-09-01,574.2,578.2470588235294
13,Bloco 3 meses,Média global,2018-10-01,548.1,578.2470588235294
13,Bloco 3 meses,Linear,2018-08-01,652.1,627.475
13,Bloco 3 meses,Linear,2018-09-01,574.2,606.55
13,Bloco 3 meses,Linear,2018-10-01,548.1,585.625
13,Bloco 3 meses,PCHIP,2018-08-01,652.1,635.321875
13,Bloco 3 meses,PCHIP,2018-09-01,574.2,606.55
13,Bloco 3 meses,PCHIP,2018-10-01,548.1,577.778125
13,Bloco 3 meses,Harmônica log,2018-08-01,652.1,644.3638212725396
13,Bloco 3 meses,Harmônica log,2018-09-01,574.2,567.3724113523282
13,Bloco 3 meses,Harmônica log,2018-10-01,548.1,526.3690502601166
13,Bloco 3 meses,Harmônica + resíduo,2018-08-01,652.1,654.8694823605355
13,Bloco 3 meses,Harmônica + resíduo,2018-09-01,574.2,568.9588490099269
13,Bloco 3 meses,Harmônica + resíduo,2018-10-01,548.1,520.8252436939551
13,Bloco 6 meses,Média global,2022-05-01,671.6,566.240243902439
13,Bloco 6 meses,Média global,2022-06-01,745.1,566.240243902439
13,Bloco 6 meses,Média global,2022-07-01,832.4,566.240243902439
13,Bloco 6 meses,Média global,2022-08-01,852.0,566.240243902439
13,Bloco 6 meses,Média global,2022-09-01,709.2,566.240243902439
13,Bloco 6 meses,Média global,2022-10-01,683.4,566.240243902439
13,Bloco 6 meses,Linear,2022-05-01,671.6,642.8571428571429
13,Bloco 6 meses,Linear,2022-06-01,745.1,649.5142857142857
13,Bloco 6 meses,Linear,2022-07-01,832.4,656.1714285714286
13,Bloco 6 meses,Linear,2022-08-01,852.0,662.8285714285714
13,Bloco 6 meses,Linear,2022-09-01,709.2,669.4857142857143
13,Bloco 6 meses,Linear,2022-10-01,683.4,676.1428571428571
13,Bloco 6 meses,PCHIP,2022-05-01,671.6,636.3358600583091
13,Bloco 6 meses,PCHIP,2022-06-01,745.1,637.2868804664723
13,Bloco 6 meses,PCHIP,2022-07-01,832.4,639.868221574344
13,Bloco 6 meses,PCHIP,2022-08-01,852.0,644.8950437317784
13,Bloco 6 meses,PCHIP,2022-09-01,709.2,653.1825072886297
13,Bloco 6 meses,PCHIP,2022-10-01,683.4,665.5457725947522
13,Bloco 6 meses,Harmônica log,2022-05-01,671.6,690.5431514294473
13,Bloco 6 meses,Harmônica log,2022-06-01,745.1,717.0208359407154
13,Bloco 6 meses,Harmônica log,2022-07-01,832.4,800.6364877218059
13,Bloco 6 meses,Harmônica log,2022-08-01,852.0,823.0478122216631
13,Bloco 6 meses,Harmônica log,2022-09-01,709.2,729.3313660724572
13,Bloco 6 meses,Harmônica log,2022-10-01,683.4,676.5035410256281
13,Bloco 6 meses,Harmônica + resíduo,2022-05-01,671.6,642.5364133096969
13,Bloco 6 meses,Harmônica + resíduo,2022-06-01,745.1,666.2373715777205
13,Bloco 6 meses,Harmônica + resíduo,2022-07-01,832.4,742.8872153063119
13,Bloco 6 meses,Harmônica + resíduo,2022-08-01,852.0,762.610644103246
13,Bloco 6 meses,Harmônica + resíduo,2022-09-01,709.2,674.827824529042
13,Bloco 6 meses,Harmônica + resíduo,2022-10-01,683.4,625.0697122133215
14,Aleatório 10%,Média global,2015-08-01,512.4,575.1899999999999
14,Aleatório 10%,Média global,2016-09-01,496.5,575.1899999999999
14,Aleatório 10%,Média global,2018-09-01,574.2,575.1899999999999
14,Aleatório 10%,Média global,2019-11-01,591.2,575.1899999999999
14,Aleatório 10%,Média global,2021-04-01,636.1,575.1899999999999
14,Aleatório 10%,Média global,2021-10-01,660.3,575.1899999999999
14,Aleatório 10%,Média global,2022-03-01,694.4,575.1899999999999
14,Aleatório 10%,Média global,2022-06-01,745.1,575.1899999999999
14,Aleatório 10%,Linear,2015-08-01,512.4,479.85
14,Aleatório 10%,Linear,2016-09-01,496.5,526.05
14,Aleatório 10%,Linear,2018-09-01,574.2,600.1
14,Aleatório 10%,Linear,2019-11-01,591.2,579.5
14,Aleatório 10%,Linear,2021-04-01,636.1,667.75
14,Aleatório 10%,Linear,2021-10-01,660.3,683.25
14,Aleatório 10%,Linear,2022-03-01,694.4,629.85
14,Aleatório 10%,Linear,2022-06-01,745.1,752.0
14,Aleatório 10%,PCHIP,2015-08-01,512.4,482.45327533265095
14,Aleatório 10%,PCHIP,2016-09-01,496.5,526.05
14,Aleatório 10%,PCHIP,2018-09-01,574.2,600.1
14,Aleatório 10%,PCHIP,2019-11-01,591.2,579.3888888888889
14,Aleatório 10%,PCHIP,2021-04-01,636.1,668.0574377514149
14,Aleatório 10%,PCHIP,2021-10-01,660.3,677.9571595330739
14,Aleatório 10%,PCHIP,2022-03-01,694.4,626.9323334294779
14,Aleatório 10%,PCHIP,2022-06-01,745.1,756.3998640757425
14,Aleatório 10%,Harmônica log,2015-08-01,512.4,541.5775132375713
14,Aleatório 10%,Harmônica log,2016-09-01,496.5,505.5792496733208
14,Aleatório 10%,Harmônica log,2018-09-01,574.2,570.4262753283147
14,Aleatório 10%,Harmônica log,2019-11-01,591.2,617.1101779095001
14,Aleatório 10%,Harmônica log,2021-04-01,636.1,638.1390216302246
14,Aleatório 10%,Harmônica log,2021-10-01,660.3,631.5144961877178
14,Aleatório 10%,Harmônica log,2022-03-01,694.4,628.059836564631
14,Aleatório 10%,Harmônica log,2022-06-01,745.1,713.2842165365802
14,Aleatório 10%,Harmônica + resíduo,2015-08-01,512.4,518.7772002734432
14,Aleatório 10%,Harmônica + resíduo,2016-09-01,496.5,511.82882578379105
14,Aleatório 10%,Harmônica + resíduo,2018-09-01,574.2,583.128877943317
14,Aleatório 10%,Harmônica + resíduo,2019-11-01,591.2,621.0212234817498
14,Aleatório 10%,Harmônica + resíduo,2021-04-01,636.1,689.8008809020979
14,Aleatório 10%,Harmônica + resíduo,2021-10-01,660.3,625.3281887086208
14,Aleatório 10%,Harmônica + resíduo,2022-03-01,694.4,614.5922927186533
14,Aleatório 10%,Harmônica + resíduo,2022-06-01,745.1,719.112629115551
14,Aleatório 20%,Média global,2016-03-01,476.2,578.0799999999999
14,Aleatório 20%,Média global,2016-07-01,552.3,578.0799999999999
14,Aleatório 20%,Média global,2017-02-01,448.8,578.0799999999999
14,Aleatório 20%,Média global,2017-03-01,513.9,578.0799999999999
14,Aleatório 20%,Média global,2017-07-01,607.2,578.0799999999999
14,Aleatório 20%,Média global,2017-09-01,531.7,578.0799999999999
14,Aleatório 20%,Média global,2019-02-01,489.1,578.0799999999999
14,Aleatório 20%,Média global,2019-03-01,573.2,578.0799999999999
14,Aleatório 20%,Média global,2019-04-01,553.4,578.0799999999999
14,Aleatório 20%,Média global,2019-07-01,667.2,578.0799999999999
14,Aleatório 20%,Média global,2019-10-01,579.0,578.0799999999999
14,Aleatório 20%,Média global,2020-07-01,682.4,578.0799999999999
14,Aleatório 20%,Média global,2020-10-01,617.2,578.0799999999999
14,Aleatório 20%,Média global,2020-11-01,646.7,578.0799999999999
14,Aleatório 20%,Média global,2021-05-01,672.4,578.0799999999999
14,Aleatório 20%,Média global,2022-06-01,745.1,578.0799999999999
14,Aleatório 20%,Linear,2016-03-01,476.2,419.04999999999995
14,Aleatório 20%,Linear,2016-07-01,552.3,527.8
14,Aleatório 20%,Linear,2017-02-01,448.8,493.7
14,Aleatório 20%,Linear,2017-03-01,513.9,489.2
14,Aleatório 20%,Linear,2017-07-01,607.2,561.75
14,Aleatório 20%,Linear,2017-09-01,531.7,556.05
14,Aleatório 20%,Linear,2019-02-01,489.1,565.6
14,Aleatório 20%,Linear,2019-03-01,573.2,565.9
14,Aleatório 20%,Linear,2019-04-01,553.4,566.2
14,Aleatório 20%,Linear,2019-07-01,667.2,637.85
14,Aleatório 20%,Linear,2019-10-01,579.0,596.6
14,Aleatório 20%,Linear,2020-07-01,682.4,682.2
14,Aleatório 20%,Linear,2020-10-01,617.2,667.15
14,Aleatório 20%,Linear,2020-11-01,646.7,688.9
14,Aleatório 20%,Linear,2021-05-01,672.4,669.7
14,Aleatório 20%,Linear,2022-06-01,745.1,752.0
14,Aleatório 20%,PCHIP,2016-03-01,476.2,413.6444559432288
14,Aleatório 20%,PCHIP,2016-07-01,552.3,533.885609037328
14,Aleatório 20%,PCHIP,2017-02-01,448.8,492.62
14,Aleatório 20%,PCHIP,2017-03-01,513.9,487.04
14,Aleatório 20%,PCHIP,2017-07-01,607.2,569.5556032306915
14,Aleatório 20%,PCHIP,2017-09-01,531.7,556.05
14,Aleatório 20%,PCHIP,2019-02-01,489.1,565.5919582455057
14,Aleatório 20%,PCHIP,2019-03-01,573.2,565.6837877344658
14,Aleatório 20%,PCHIP,2019-04-01,553.4,565.934202309468
14,Aleatório 20%,PCHIP,2019-07-01,667.2,646.5895393621939
14,Aleatório 20%,PCHIP,2019-10-01,579.0,595.1570236825262
14,Aleatório 20%,PCHIP,2020-07-01,682.4,693.3017751479291
14,Aleatório 20%,PCHIP,2020-10-01,617.2,658.99375
14,Aleatório 20%,PCHIP,2020-11-01,646.7,688.9
14,Aleatório 20%,PCHIP,2021-05-01,672.4,657.7327510917031
14,Aleatório 20%,PCHIP,2022-06-01,745.1,756.3998640757425
14,Aleatório 20%,Harmônica log,2016-03-01,476.2,428.76213122867847
14,Aleatório 20%,Harmônica log,2016-07-01,552.3,554.6507629331813
14,Aleatório 20%,Harmônica log,2017-02-01,448.8,447.77077169441134
14,Aleatório 20%,Harmônica log,2017-03-01,513.9,456.3917748906271
14,Aleatório 20%,Harmônica log,2017-07-01,607.2,590.3927322455274
14,Aleatório 20%,Harmônica log,2017-09-01,531.7,534.3691359609107
14,Aleatório 20%,Harmônica log,2019-02-01,489.1,507.3393141355568
14,Aleatório 20%,Harmônica log,2019-03-01,573.2,517.1072001281547
14,Aleatório 20%,Harmônica log,2019-04-01,553.4,560.3192729087023
14,Aleatório 20%,Harmônica log,2019-07-01,667.2,668.9347826670605
14,Aleatório 20%,Harmônica log,2019-10-01,579.0,558.4816678189575
14,Aleatório 20%,Harmônica log,2020-07-01,682.4,712.041270698571
14,Aleatório 20%,Harmônica log,2020-10-01,617.2,594.4705025356561
14,Aleatório 20%,Harmônica log,2020-11-01,646.7,654.3779948849033
14,Aleatório 20%,Harmônica log,2021-05-01,672.4,649.0452424304264
14,Aleatório 20%,Harmônica log,2022-06-01,745.1,720.8278469497399
14,Aleatório 20%,Harmônica + resíduo,2016-03-01,476.2,404.76278060867946
14,Aleatório 20%,Harmônica + resíduo,2016-07-01,552.3,549.4970269260563
14,Aleatório 20%,Harmônica + resíduo,2017-02-01,448.8,441.52807764167454
14,Aleatório 20%,Harmônica + resíduo,2017-03-01,513.9,448.6722594856304
14,Aleatório 20%,Harmônica + resíduo,2017-07-01,607.2,584.8580436599782
14,Aleatório 20%,Harmônica + resíduo,2017-09-01,531.7,541.635856249676
14,Aleatório 20%,Harmônica + resíduo,2019-02-01,489.1,498.88255254797565
14,Aleatório 20%,Harmônica + resíduo,2019-03-01,573.2,509.4517089223026
14,Aleatório 20%,Harmônica + resíduo,2019-04-01,553.4,553.070685059307
14,Aleatório 20%,Harmônica + resíduo,2019-07-01,667.2,664.3063890260811
14,Aleatório 20%,Harmônica + resíduo,2019-10-01,579.0,546.108152436057
14,Aleatório 20%,Harmônica + resíduo,2020-07-01,682.4,710.1322040000099
14,Aleatório 20%,Harmônica + resíduo,2020-10-01,617.2,612.8322940079107
14,Aleatório 20%,Harmônica + resíduo,2020-11-01,646.7,694.4291162638478
14,Aleatório 20%,Harmônica + resíduo,2021-05-01,672.4,662.0849637588992
14,Aleatório 20%,Harmônica + resíduo,2022-06-01,745.1,721.9062217179462
14,Bloco 3 meses,Média global,2020-04-01,557.2,578.1247058823529
14,Bloco 3 meses,Média global,2020-05-01,592.6,578.1247058823529
14,Bloco 3 meses,Média global,2020-06-01,635.0,578.1247058823529
14,Bloco 3 meses,Linear,2020-04-01,557.2,582.5749999999999
14,Bloco 3 meses,Linear,2020-05-01,592.6,615.8499999999999
14,Bloco 3 meses,Linear,2020-06-01,635.0,649.125
14,Bloco 3 meses,PCHIP,2020-04-01,557.2,594.674383387151
14,Bloco 3 meses,PCHIP,2020-05-01,592.6,624.2487614859432
14,Bloco 3 meses,PCHIP,2020-06-01,635.0,649.6237588417637
14,Bloco 3 meses,Harmônica log,2020-04-01,557.2,608.2356687793064
14,Bloco 3 meses,Harmônica log,2020-05-01,592.6,614.1903253625645
14,Bloco 3 meses,Harmônica log,2020-06-01,635.0,637.1603027133488
14,Bloco 3 meses,Harmônica + resíduo,2020-04-01,557.2,589.8807494057073
14,Bloco 3 meses,Harmônica + resíduo,2020-05-01,592.6,593.2122731203518
14,Bloco 3 meses,Harmônica + resíduo,2020-06-01,635.0,612.8732757629534
14,Bloco 6 meses,Média global,2022-03-01,694.4,566.9963414634146
14,Bloco 6 meses,Média global,2022-04-01,636.2,566.9963414634146
14,Bloco 6 meses,Média global,2022-05-01,671.6,566.9963414634146
14,Bloco 6 meses,Média global,2022-06-01,745.1,566.9963414634146
14,Bloco 6 meses,Média global,2022-07-01,832.4,566.9963414634146
14,Bloco 6 meses,Média global,2022-08-01,852.0,566.9963414634146
14,Bloco 6 meses,Linear,2022-03-01,694.4,635.7428571428571
14,Bloco 6 meses,Linear,2022-04-01,636.2,647.9857142857143
14,Bloco 6 meses,Linear,2022-05-01,671.6,660.2285714285714
14,Bloco 6 meses,Linear,2022-06-01,745.1,672.4714285714286
14,Bloco 6 meses,Linear,2022-07-01,832.4,684.7142857142858
14,Bloco 6 meses,Linear,2022-08-01,852.0,696.9571428571429
14,Bloco 6 meses,PCHIP,2022-03-01,694.4,628.2472303206997
14,Bloco 6 meses,PCHIP,2022-04-01,636.2,640.4900874635568
14,Bloco 6 meses,PCHIP,2022-05-01,671.6,657.2303206997084
14,Bloco 6 meses,PCHIP,2022-06-01,745.1,675.4696793002917
14,Bloco 6 meses,PCHIP,2022-07-01,832.4,692.2099125364432
14,Bloco 6 meses,PCHIP,2022-08-01,852.0,704.4527696793003
14,Bloco 6 meses,Harmônica log,2022-03-01,694.4,631.5144878144838
14,Bloco 6 meses,Harmônica log,2022-04-01,636.2,683.2183863614312
14,Bloco 6 meses,Harmônica log,2022-05-01,671.6,692.342745882585
14,Bloco 6 meses,Harmônica log,2022-06-01,745.1,716.3085015872231
14,Bloco 6 meses,Harmônica log,2022-07-01,832.4,798.2599761494313
14,Bloco 6 meses,Harmônica log,2022-08-01,852.0,821.5738396914695
14,Bloco 6 meses,Harmônica + resíduo,2022-03-01,694.4,637.4887530194113
14,Bloco 6 meses,Harmônica + resíduo,2022-04-01,636.2,685.6281142589239
14,Bloco 6 meses,Harmônica + resíduo,2022-05-01,671.6,690.7009955140493
14,Bloco 6 meses,Harmônica + resíduo,2022-06-01,745.1,710.4097363815243
14,Bloco 6 meses,Harmônica + resíduo,2022-07-01,832.4,787.0331359813384
14,Bloco 6 meses,Harmônica + resíduo,2022-08-01,852.0,805.2581489717383
15,Aleatório 10%,Média global,2015-09-01,456.3,576.5962499999999
15,Aleatório 10%,Média global,2015-11-01,465.8,576.5962499999999
15,Aleatório 10%,Média global,2016-07-01,552.3,576.5962499999999
15,Aleatório 10%,Média global,2016-09-01,496.5,576.5962499999999
15,Aleatório 10%,Média global,2019-05-01,566.5,576.5962499999999
15,Aleatório 10%,Média global,2022-06-01,745.1,576.5962499999999
15,Aleatório 10%,Média global,2022-07-01,832.4,576.5962499999999
15,Aleatório 10%,Média global,2022-11-01,682.8,576.5962499999999
15,Aleatório 10%,Linear,2015-09-01,456.3,480.75
15,Aleatório 10%,Linear,2015-11-01,465.8,464.40000000000003
15,Aleatório 10%,Linear,2016-07-01,552.3,527.8
15,Aleatório 10%,Linear,2016-09-01,496.5,526.05
15,Aleatório 10%,Linear,2019-05-01,566.5,576.05
15,Aleatório 10%,Linear,2022-06-01,745.1,731.7333333333333
15,Aleatório 10%,Linear,2022-07-01,832.4,791.8666666666667
15,Aleatório 10%,Linear,2022-11-01,682.8,683.4
15,Aleatório 10%,PCHIP,2015-09-01,456.3,480.75
15,Aleatório 10%,PCHIP,2015-11-01,465.8,461.00000000000006
15,Aleatório 10%,PCHIP,2016-07-01,552.3,533.885609037328
15,Aleatório 10%,PCHIP,2016-09-01,496.5,526.05
15,Aleatório 10%,PCHIP,2019-05-01,566.5,567.035329244674
15,Aleatório 10%,PCHIP,2022-06-01,745.1,737.3577268203649
15,Aleatório 10%,PCHIP,2022-07-01,832.4,814.7233078546269
15,Aleatório 10%,PCHIP,2022-11-01,682.8,683.4
15,Aleatório 10%,Harmônica log,2015-09-01,456.3,474.4451048003713
15,Aleatório 10%,Harmônica log,2015-11-01,465.8,487.91363336989474
15,Aleatório 10%,Harmônica log,2016-07-01,552.3,555.2745237845554
15,Aleatório 10%,Harmônica log,2016-09-01,496.5,504.5432670469087
15,Aleatório 10%,Harmônica log,2019-05-01,566.5,572.4697146709524
15,Aleatório 10%,Harmônica log,2022-06-01,745.1,715.5436637956569
15,Aleatório 10%,Harmônica log,2022-07-01,832.4,803.1236559726223
15,Aleatório 10%,Harmônica log,2022-11-01,682.8,750.4643533068895
15,Aleatório 10%,Harmônica + resíduo,2015-09-01,456.3,467.122412458672
15,Aleatório 10%,Harmônica + resíduo,2015-11-01,465.8,499.1337343084833
15,Aleatório 10%,Harmônica + resíduo,2016-07-01,552.3,550.2177990111633
15,Aleatório 10%,Harmônica + resíduo,2016-09-01,496.5,510.97753903137976
15,Aleatório 10%,Harmônica + resíduo,2019-05-01,566.5,566.7571693123492
15,Aleatório 10%,Harmônica + resíduo,2022-06-01,745.1,711.1799435026666
15,Aleatório 10%,Harmônica + resíduo,2022-07-01,832.4,813.2953733824695
15,Aleatório 10%,Harmônica + resíduo,2022-11-01,682.8,754.0832510453231
15,Aleatório 20%,Média global,2015-02-01,359.5,574.238028169014
15,Aleatório 20%,Média global,2016-05-01,473.0,574.238028169014
15,Aleatório 20%,Média global,2016-08-01,563.1,574.238028169014
15,Aleatório 20%,Média global,2016-11-01,507.2,574.238028169014
15,Aleatório 20%,Média global,2017-03-01,513.9,574.238028169014
15,Aleatório 20%,Média global,2017-06-01,524.4,574.238028169014
15,Aleatório 20%,Média global,2018-04-01,521.7,574.238028169014
15,Aleatório 20%,Média global,2018-08-01,652.1,574.238028169014
15,Aleatório 20%,Média global,2018-10-01,548.1,574.238028169014
15,Aleatório 20%,Média global,2019-06-01,598.7,574.238028169014
15,Aleatório 20%,Média global,2019-07-01,667.2,574.238028169014
15,Aleatório 20%,Média global,2021-05-01,672.4,574.238028169014
15,Aleatório 20%,Média global,2021-07-01,775.8,574.238028169014
15,Aleatório 20%,Média global,2022-03-01,694.4,574.238028169014
15,Aleatório 20%,Média global,2022-06-01,745.1,574.238028169014
15,Aleatório 20%,Média global,2022-08-01,852.0,574.238028169014
15,Aleatório 20%,Linear,2015-02-01,359.5,444.8
15,Aleatório 20%,Linear,2016-05-01,473.0,474.7
15,Aleatório 20%,Linear,2016-08-01,563.1,524.4
15,Aleatório 20%,Linear,2016-11-01,507.2,488.26666666666665
15,Aleatório 20%,Linear,2017-03-01,513.9,466.75
15,Aleatório 20%,Linear,2017-06-01,524.4,552.0
15,Aleatório 20%,Linear,2018-04-01,521.7,542.95
15,Aleatório 20%,Linear,2018-08-01,652.1,611.3
15,Aleatório 20%,Linear,2018-10-01,548.1,569.45
15,Aleatório 20%,Linear,2019-06-01,598.7,603.3333333333334
15,Aleatório 20%,Linear,2019-07-01,667.2,640.1666666666666
15,Aleatório 20%,Linear,2021-05-01,672.4,669.7
15,Aleatório 20%,Linear,2021-07-01,775.8,732.0
15,Aleatório 20%,Linear,2022-03-01,694.4,629.85
15,Aleatório 20%,Linear,2022-06-01,745.1,752.0
15,Aleatório 20%,Linear,2022-08-01,852.0,770.8
15,Aleatório 20%,PCHIP,2015-02-01,359.5,444.8
15,Aleatório 20%,PCHIP,2016-05-01,473.0,467.4026508226691
15,Aleatório 20%,PCHIP,2016-08-01,563.1,527.1776548672566
15,Aleatório 20%,PCHIP,2016-11-01,507.2,488.12241433012423
15,Aleatório 20%,PCHIP,2017-03-01,513.9,463.2126221498371
15,Aleatório 20%,PCHIP,2017-06-01,524.4,556.6326140567202
15,Aleatório 20%,PCHIP,2018-04-01,521.7,545.0530082319635
15,Aleatório 20%,PCHIP,2018-08-01,652.1,613.4054360812426
15,Aleatório 20%,PCHIP,2018-10-01,548.1,567.3445639187576
15,Aleatório 20%,PCHIP,2019-06-01,598.7,603.1071859488354
15,Aleatório 20%,PCHIP,2019-07-01,667.2,652.3313707521955
15,Aleatório 20%,PCHIP,2021-05-01,672.4,661.9606741573034
15,Aleatório 20%,PCHIP,2021-07-01,775.8,739.7393258426966
15,Aleatório 20%,PCHIP,2022-03-01,694.4,626.9323334294779
15,Aleatório 20%,PCHIP,2022-06-01,745.1,763.7804635761589
15,Aleatório 20%,PCHIP,2022-08-01,852.0,779.4962062256809
15,Aleatório 20%,Harmônica log,2015-02-01,359.5,402.2737367460281
15,Aleatório 20%,Harmônica log,2016-05-01,473.0,476.69035121621346
15,Aleatório 20%,Harmônica log,2016-08-01,563.1,568.7144602362611
15,Aleatório 20%,Harmônica log,2016-11-01,507.2,511.6258191690726
15,Aleatório 20%,Harmônica log,2017-03-01,513.9,463.8787972339998
15,Aleatório 20%,Harmônica log,2017-06-01,524.4,528.5646593938661
15,Aleatório 20%,Harmônica log,2018-04-01,521.7,528.7206757297355
15,Aleatório 20%,Harmônica log,2018-08-01,652.1,641.5534214073534
15,Aleatório 20%,Harmônica log,2018-10-01,548.1,528.5587450162641
15,Aleatório 20%,Harmônica log,2019-06-01,598.7,596.2613743428888
15,Aleatório 20%,Harmônica log,2019-07-01,667.2,664.9012282567535
15,Aleatório 20%,Harmônica log,2021-05-01,672.4,644.2920132632378
15,Aleatório 20%,Harmônica log,2021-07-01,775.8,750.0594546318756
15,Aleatório 20%,Harmônica log,2022-03-01,694.4,626.9759885373935
15,Aleatório 20%,Harmônica log,2022-06-01,745.1,714.4050381380754
15,Aleatório 20%,Harmônica log,2022-08-01,852.0,816.4130433284076
15,Aleatório 20%,Harmônica + resíduo,2015-02-01,359.5,435.1314665136733
15,Aleatório 20%,Harmônica + resíduo,2016-05-01,473.0,468.2111649862554
15,Aleatório 20%,Harmônica + resíduo,2016-08-01,563.1,562.8901851606994
15,Aleatório 20%,Harmônica + resíduo,2016-11-01,507.2,519.5921543894573
15,Aleatório 20%,Harmônica + resíduo,2017-03-01,513.9,455.2068942567702
15,Aleatório 20%,Harmônica + resíduo,2017-06-01,524.4,531.4258643462385
15,Aleatório 20%,Harmônica + resíduo,2018-04-01,521.7,557.6109833459238
15,Aleatório 20%,Harmônica + resíduo,2018-08-01,652.1,655.8879095080897
15,Aleatório 20%,Harmônica + resíduo,2018-10-01,548.1,525.201404076749
15,Aleatório 20%,Harmônica + resíduo,2019-06-01,598.7,591.7469290084515
15,Aleatório 20%,Harmônica + resíduo,2019-07-01,667.2,660.2373457753589
15,Aleatório 20%,Harmônica + resíduo,2021-05-01,672.4,660.1780426937542
15,Aleatório 20%,Harmônica + resíduo,2021-07-01,775.8,762.9828256371247
15,Aleatório 20%,Harmônica + resíduo,2022-03-01,694.4,614.6968085027395
15,Aleatório 20%,Harmônica + resíduo,2022-06-01,745.1,723.448119433793
15,Aleatório 20%,Harmônica + resíduo,2022-08-01,852.0,825.8989754392732
15,Bloco 3 meses,Média global,2018-07-01,648.4,577.0670588235294
15,Bloco 3 meses,Média global,2018-08-01,652.1,577.0670588235294
15,Bloco 3 meses,Média global,2018-09-01,574.2,577.0670588235294
15,Bloco 3 meses,Linear,2018-07-01,648.4,561.75
15,Bloco 3 meses,Linear,2018-08-01,652.1,557.2
15,Bloco 3 meses,Linear,2018-09-01,574.2,552.65
15,Bloco 3 meses,PCHIP,2018-07-01,648.4,563.45625
15,Bloco 3 meses,PCHIP,2018-08-01,652.1,557.1999999999999
15,Bloco 3 meses,PCHIP,2018-09-01,574.2,550.94375
15,Bloco 3 meses,Harmônica log,2018-07-01,648.4,627.6924311139798
15,Bloco 3 meses,Harmônica log,2018-08-01,652.1,643.1791406025947
15,Bloco 3 meses,Harmônica log,2018-09-01,574.2,568.5705565501872
15,Bloco 3 meses,Harmônica + resíduo,2018-07-01,648.4,637.5532365433149
15,Bloco 3 meses,Harmônica + resíduo,2018-08-01,652.1,657.9514541776621
15,Bloco 3 meses,Harmônica + resíduo,2018-09-01,574.2,585.7854808612849
15,Bloco 6 meses,Média global,2020-02-01,439.8,578.8716049382716
15,Bloco 6 meses,Média global,2020-03-01,549.3,578.8716049382716
15,Bloco 6 meses,Média global,2020-04-01,557.2,578.8716049382716
15,Bloco 6 meses,Média global,2020-05-01,592.6,578.8716049382716
15,Bloco 6 meses,Média global,2020-06-01,635.0,578.8716049382716
15,Bloco 6 meses,Média global,2020-07-01,682.4,578.8716049382716
15,Bloco 6 meses,Linear,2020-02-01,439.8,637.2666666666667
15,Bloco 6 meses,Linear,2020-03-01,549.3,652.6222222222223
15,Bloco 6 meses,Linear,2020-04-01,557.2,667.9777777777778
15,Bloco 6 meses,Linear,2020-05-01,592.6,683.3333333333334
15,Bloco 6 meses,Linear,2020-06-01,635.0,698.6888888888889
15,Bloco 6 meses,Linear,2020-07-01,682.4,714.0444444444445
15,Bloco 6 meses,PCHIP,2020-02-01,439.8,644.6218666913993
15,Bloco 6 meses,PCHIP,2020-03-01,549.3,665.119835413847
15,Bloco 6 meses,PCHIP,2020-04-01,557.2,684.8005596891023
15,Bloco 6 meses,PCHIP,2020-05-01,592.6,702.3664889012553
15,Bloco 6 meses,PCHIP,2020-06-01,635.0,716.5200724343957
15,Bloco 6 meses,PCHIP,2020-07-01,682.4,725.9637596726138
15,Bloco 6 meses,Harmônica log,2020-02-01,439.8,559.5764490709411
15,Bloco 6 meses,Harmônica log,2020-03-01,549.3,572.1042825931977
15,Bloco 6 meses,Harmônica log,2020-04-01,557.2,608.0188878255426
15,Bloco 6 meses,Harmônica log,2020-05-01,592.6,613.818864653213
15,Bloco 6 meses,Harmônica log,2020-06-01,635.0,641.4437470891271
15,Bloco 6 meses,Harmônica log,2020-07-01,682.4,716.8018922436504
15,Bloco 6 meses,Harmônica + resíduo,2020-02-01,439.8,544.0293377820293
15,Bloco 6 meses,Harmônica + resíduo,2020-03-01,549.3,558.4581860810591
15,Bloco 6 meses,Harmônica + resíduo,2020-04-01,557.2,595.9160785702596
15,Bloco 6 meses,Harmônica + resíduo,2020-05-01,592.6,604.0332343888624
15,Bloco 6 meses,Harmônica + resíduo,2020-06-01,635.0,633.7701040821753
15,Bloco 6 meses,Harmônica + resíduo,2020-07-01,682.4,711.0905159859177
16,Aleatório 10%,Média global,2016-06-01,492.5,576.826582278481
16,Aleatório 10%,Média global,2018-09-01,574.2,576.826582278481
16,Aleatório 10%,Média global,2019-03-01,573.2,576.826582278481
16,Aleatório 10%,Média global,2019-08-01,677.0,576.826582278481
16,Aleatório 10%,Média global,2019-09-01,602.0,576.826582278481
16,Aleatório 10%,Média global,2020-02-01,439.8,576.826582278481
16,Aleatório 10%,Média global,2021-11-01,671.8,576.826582278481
16,Aleatório 10%,Média global,2022-06-01,745.1,576.826582278481
16,Aleatório 10%,Linear,2016-06-01,492.5,512.65
16,Aleatório 10%,Linear,2018-09-01,574.2,600.1
16,Aleatório 10%,Linear,2019-03-01,573.2,521.25
16,Aleatório 10%,Linear,2019-08-01,677.0,637.8000000000001
16,Aleatório 10%,Linear,2019-09-01,602.0,608.4
16,Aleatório 10%,Linear,2020-02-01,439.8,559.775
16,Aleatório 10%,Linear,2021-11-01,671.8,681.2666666666667
16,Aleatório 10%,Linear,2022-06-01,745.1,752.0
16,Aleatório 10%,PCHIP,2016-06-01,492.5,514.1281215898994
16,Aleatório 10%,PCHIP,2018-09-01,574.2,600.1
16,Aleatório 10%,PCHIP,2019-03-01,573.2,516.8042047853625
16,Aleatório 10%,PCHIP,2019-08-01,677.0,644.3333333333334
16,Aleatório 10%,PCHIP,2019-09-01,602.0,601.8666666666666
16,Aleatório 10%,PCHIP,2020-02-01,439.8,555.846875
16,Aleatório 10%,PCHIP,2021-11-01,671.8,676.6074074074074
16,Aleatório 10%,PCHIP,2022-06-01,745.1,756.3998640757425
16,Aleatório 10%,Harmônica log,2016-06-01,492.5,495.92449183845474
16,Aleatório 10%,Harmônica log,2018-09-01,574.2,569.9529716056165
16,Aleatório 10%,Harmônica log,2019-03-01,573.2,530.0384554616353
16,Aleatório 10%,Harmônica log,2019-08-01,677.0,685.7902176053639
16,Aleatório 10%,Harmônica log,2019-09-01,602.0,607.0233972277865
16,Aleatório 10%,Harmônica log,2020-02-01,439.8,555.9570163355763
16,Aleatório 10%,Harmônica log,2021-11-01,671.8,699.8758214622992
16,Aleatório 10%,Harmônica log,2022-06-01,745.1,723.7923834720275
16,Aleatório 10%,Harmônica + resíduo,2016-06-01,492.5,494.6417953960759
16,Aleatório 10%,Harmônica + resíduo,2018-09-01,574.2,583.7820774550431
16,Aleatório 10%,Harmônica + resíduo,2019-03-01,573.2,508.1688518724206
16,Aleatório 10%,Harmônica + resíduo,2019-08-01,677.0,690.3149873285272
16,Aleatório 10%,Harmônica + resíduo,2019-09-01,602.0,617.3432296170675
16,Aleatório 10%,Harmônica + resíduo,2020-02-01,439.8,538.8955986715433
16,Aleatório 10%,Harmônica + resíduo,2021-11-01,671.8,722.1720420316398
16,Aleatório 10%,Harmônica + resíduo,2022-06-01,745.1,723.5925676437568
16,Aleatório 20%,Média global,2015-09-01,456.3,587.7514705882353
16,Aleatório 20%,Média global,2016-02-01,381.2,587.7514705882353
16,Aleatório 20%,Média global,2016-05-01,473.0,587.7514705882353
16,Aleatório 20%,Média global,2016-10-01,489.0,587.7514705882353
16,Aleatório 20%,Média global,2017-02-01,448.8,587.7514705882353
16,Aleatório 20%,Média global,2017-05-01,496.8,587.7514705882353
16,Aleatório 20%,Média global,2017-09-01,531.7,587.7514705882353
16,Aleatório 20%,Média global,2017-11-01,531.0,587.7514705882353
16,Aleatório 20%,Média global,2018-07-01,648.4,587.7514705882353
16,Aleatório 20%,Média global,2019-02-01,489.1,587.7514705882353
16,Aleatório 20%,Média global,2019-03-01,573.2,587.7514705882353
16,Aleatório 20%,Média global,2019-09-01,602.0,587.7514705882353
16,Aleatório 20%,Média global,2020-04-01,557.2,587.7514705882353
16,Aleatório 20%,Média global,2021-03-01,663.1,587.7514705882353
16,Aleatório 20%,Média global,2021-11-01,671.8,587.7514705882353
16,Aleatório 20%,Média global,2022-02-01,623.5,587.7514705882353
16,Aleatório 20%,Linear,2015-09-01,456.3,480.75
16,Aleatório 20%,Linear,2016-02-01,381.2,473.6
16,Aleatório 20%,Linear,2016-05-01,473.0,474.7
16,Aleatório 20%,Linear,2016-10-01,489.0,501.85
16,Aleatório 20%,Linear,2017-02-01,448.8,512.225
16,Aleatório 20%,Linear,2017-05-01,496.8,504.54999999999995
16,Aleatório 20%,Linear,2017-09-01,531.7,556.05
16,Aleatório 20%,Linear,2017-11-01,531.0,541.8333333333334
16,Aleatório 20%,Linear,2018-07-01,648.4,609.2
16,Aleatório 20%,Linear,2019-02-01,489.1,557.92
16,Aleatório 20%,Linear,2019-03-01,573.2,555.66
16,Aleatório 20%,Linear,2019-09-01,602.0,628.0
16,Aleatório 20%,Linear,2020-04-01,557.2,570.95
16,Aleatório 20%,Linear,2021-03-01,663.1,581.25
16,Aleatório 20%,Linear,2021-11-01,671.8,667.12
16,Aleatório 20%,Linear,2022-02-01,623.5,687.5799999999999
16,Aleatório 20%,PCHIP,2015-09-01,456.3,480.75
16,Aleatório 20%,PCHIP,2016-02-01,381.2,475.563015776699
16,Aleatório 20%,PCHIP,2016-05-01,473.0,467.4026508226691
16,Aleatório 20%,PCHIP,2016-10-01,489.0,501.1728274559194
16,Aleatório 20%,PCHIP,2017-02-01,448.8,513.3610044080605
16,Aleatório 20%,PCHIP,2017-05-01,496.8,495.9588628179812
16,Aleatório 20%,PCHIP,2017-09-01,531.7,552.8818746214416
16,Aleatório 20%,PCHIP,2017-11-01,531.0,535.425925925926
16,Aleatório 20%,PCHIP,2018-07-01,648.4,613.8793404735062
16,Aleatório 20%,PCHIP,2019-02-01,489.1,557.3776
16,Aleatório 20%,PCHIP,2019-03-01,573.2,554.5752
16,Aleatório 20%,PCHIP,2019-09-01,602.0,628.0
16,Aleatório 20%,PCHIP,2020-04-01,557.2,573.2812507715956
16,Aleatório 20%,PCHIP,2021-03-01,663.1,570.5696477530099
16,Aleatório 20%,PCHIP,2021-11-01,671.8,663.8463999999999
16,Aleatório 20%,PCHIP,2022-02-01,623.5,690.8536
16,Aleatório 20%,Harmônica log,2015-09-01,456.3,477.96165207732196
16,Aleatório 20%,Harmônica log,2016-02-01,381.2,426.57475730287405
16,Aleatório 20%,Harmônica log,2016-05-01,473.0,480.49244036925654
16,Aleatório 20%,Harmônica log,2016-10-01,489.0,470.8665356952956
16,Aleatório 20%,Harmônica log,2017-02-01,448.8,453.10081288056296
16,Aleatório 20%,Harmônica log,2017-05-01,496.8,510.37130441288
16,Aleatório 20%,Harmônica log,2017-09-01,531.7,539.2528282187583
16,Aleatório 20%,Harmônica log,2017-11-01,531.0,544.000096926159
16,Aleatório 20%,Harmônica log,2018-07-01,648.4,627.7721658851336
16,Aleatório 20%,Harmônica log,2019-02-01,489.1,511.20397159924227
16,Aleatório 20%,Harmônica log,2019-03-01,573.2,525.3191512424086
16,Aleatório 20%,Harmônica log,2019-09-01,602.0,608.4036480292502
16,Aleatório 20%,Harmônica log,2020-04-01,557.2,601.497721553606
16,Aleatório 20%,Harmônica log,2021-03-01,663.1,592.6831928748942
16,Aleatório 20%,Harmônica log,2021-11-01,671.8,692.4648495536586
16,Aleatório 20%,Harmônica log,2022-02-01,623.5,612.6229836738587
16,Aleatório 20%,Harmônica + resíduo,2015-09-01,456.3,469.5415452711011
16,Aleatório 20%,Harmônica + resíduo,2016-02-01,381.2,450.0067640040735
16,Aleatório 20%,Harmônica + resíduo,2016-05-01,473.0,468.99965287284175
16,Aleatório 20%,Harmônica + resíduo,2016-10-01,489.0,463.3946974375845
16,Aleatório 20%,Harmônica + resíduo,2017-02-01,448.8,486.7219157716031
16,Aleatório 20%,Harmônica + resíduo,2017-05-01,496.8,498.45582572516787
16,Aleatório 20%,Harmônica + resíduo,2017-09-01,531.7,542.633096848158
16,Aleatório 20%,Harmônica + resíduo,2017-11-01,531.0,574.4349736837856
16,Aleatório 20%,Harmônica + resíduo,2018-07-01,648.4,632.7425602776225
16,Aleatório 20%,Harmônica + resíduo,2019-02-01,489.1,499.5796992619941
16,Aleatório 20%,Harmônica + resíduo,2019-03-01,573.2,513.3705413205042
16,Aleatório 20%,Harmônica + resíduo,2019-09-01,602.0,612.8180563088891
16,Aleatório 20%,Harmônica + resíduo,2020-04-01,557.2,587.4426721091202
16,Aleatório 20%,Harmônica + resíduo,2021-03-01,663.1,564.9754978985707
16,Aleatório 20%,Harmônica + resíduo,2021-11-01,671.8,727.0951304288016
16,Aleatório 20%,Harmônica + resíduo,2022-02-01,623.5,667.4707218895593
16,Bloco 3 meses,Média global,2018-05-01,553.4,578.3211764705883
16,Bloco 3 meses,Média global,2018-06-01,566.3,578.3211764705883
16,Bloco 3 meses,Média global,2018-07-01,648.4,578.3211764705883
16,Bloco 3 meses,Linear,2018-05-01,553.4,554.3000000000001
16,Bloco 3 meses,Linear,2018-06-01,566.3,586.9000000000001
16,Bloco 3 meses,Linear,2018-07-01,648.4,619.5
16,Bloco 3 meses,PCHIP,2018-05-01,553.4,542.075
16,Bloco 3 meses,PCHIP,2018-06-01,566.3,586.9
16,Bloco 3 meses,PCHIP,2018-07-01,648.4,631.725
16,Bloco 3 meses,Harmônica log,2018-05-01,553.4,537.5609325439037
16,Bloco 3 meses,Harmônica log,2018-06-01,566.3,560.3143393937638
16,Bloco 3 meses,Harmônica log,2018-07-01,648.4,627.9074401738435
16,Bloco 3 meses,Harmônica + resíduo,2018-05-01,553.4,531.1477674721557
16,Bloco 3 meses,Harmônica + resíduo,2018-06-01,566.3,558.068344157914
16,Bloco 3 meses,Harmônica + resíduo,2018-07-01,648.4,630.4044499753727
16,Bloco 6 meses,Média global,2015-03-01,444.8,586.5158536585366
16,Bloco 6 meses,Média global,2015-04-01,441.5,586.5158536585366
16,Bloco 6 meses,Média global,2015-05-01,456.7,586.5158536585366
16,Bloco 6 meses,Média global,2015-06-01,472.3,586.5158536585366
16,Bloco 6 meses,Média global,2015-07-01,503.4,586.5158536585366
16,Bloco 6 meses,Média global,2015-08-01,512.4,586.5158536585366
16,Bloco 6 meses,Linear,2015-03-01,444.8,373.3285714285714
16,Bloco 6 meses,Linear,2015-04-01,441.5,387.15714285714284
16,Bloco 6 meses,Linear,2015-05-01,456.7,400.98571428571427
16,Bloco 6 meses,Linear,2015-06-01,472.3,414.81428571428575
16,Bloco 6 meses,Linear,2015-07-01,503.4,428.64285714285717
16,Bloco 6 meses,Linear,2015-08-01,512.4,442.4714285714286
16,Bloco 6 meses,PCHIP,2015-03-01,444.8,364.8620991253644
16,Bloco 6 meses,PCHIP,2015-04-01,441.5,378.6906705539359
16,Bloco 6 meses,PCHIP,2015-05-01,456.7,397.5991253644315
16,Bloco 6 meses,PCHIP,2015-06-01,472.3,418.20087463556854
16,Bloco 6 meses,PCHIP,2015-07-01,503.4,437.1093294460641
16,Bloco 6 meses,PCHIP,2015-08-01,512.4,450.9379008746355
16,Bloco 6 meses,Harmônica log,2015-03-01,444.8,409.4301058882462
16,Bloco 6 meses,Harmônica log,2015-04-01,441.5,439.9454873564249
16,Bloco 6 meses,Harmônica log,2015-05-01,456.7,445.6831980379666
16,Bloco 6 meses,Harmônica log,2015-06-01,472.3,465.9759917953043
16,Bloco 6 meses,Harmônica log,2015-07-01,503.4,523.9519119257196
16,Bloco 6 meses,Harmônica log,2015-08-01,512.4,537.7418242139545
16,Bloco 6 meses,Harmônica + resíduo,2015-03-01,444.8,372.5715939460016
16,Bloco 6 meses,Harmônica + resíduo,2015-04-01,441.5,404.282557628183
16,Bloco 6 meses,Harmônica + resíduo,2015-05-01,456.7,413.5886099427844
16,Bloco 6 meses,Harmônica + resíduo,2015-06-01,472.3,436.6787119139801
16,Bloco 6 meses,Harmônica + resíduo,2015-07-01,503.4,495.84516149388213
16,Bloco 6 meses,Harmônica + resíduo,2015-08-01,512.4,513.90712317337
17,Aleatório 10%,Média global,2015-07-01,503.4,578.11125
17,Aleatório 10%,Média global,2017-04-01,484.7,578.11125
17,Aleatório 10%,Média global,2018-10-01,548.1,578.11125
17,Aleatório 10%,Média global,2018-11-01,564.7,578.11125
17,Aleatório 10%,Média global,2019-03-01,573.2,578.11125
17,Aleatório 10%,Média global,2022-04-01,636.2,578.11125
17,Aleatório 10%,Média global,2022-10-01,683.4,578.11125
17,Aleatório 10%,Média global,2022-11-01,682.8,578.11125
17,Aleatório 10%,Linear,2015-07-01,503.4,492.35
17,Aleatório 10%,Linear,2017-04-01,484.7,505.35
17,Aleatório 10%,Linear,2018-10-01,548.1,584.95
17,Aleatório 10%,Linear,2018-11-01,564.7,595.7
17,Aleatório 10%,Linear,2019-03-01,573.2,521.25
17,Aleatório 10%,Linear,2022-04-01,636.2,683.0
17,Aleatório 10%,Linear,2022-10-01,683.4,709.2
17,Aleatório 10%,Linear,2022-11-01,682.8,709.2
17,Aleatório 10%,PCHIP,2015-07-01,503.4,496.6768060252075
17,Aleatório 10%,PCHIP,2017-04-01,484.7,505.34999999999997
17,Aleatório 10%,PCHIP,2018-10-01,548.1,580.91875
17,Aleatório 10%,PCHIP,2018-11-01,564.7,595.7
17,Aleatório 10%,PCHIP,2019-03-01,573.2,516.8042047853625
17,Aleatório 10%,PCHIP,2022-04-01,636.2,683.0
17,Aleatório 10%,PCHIP,2022-10-01,683.4,709.2
17,Aleatório 10%,PCHIP,2022-11-01,682.8,709.2
17,Aleatório 10%,Harmônica log,2015-07-01,503.4,522.4907973643375
17,Aleatório 10%,Harmônica log,2017-04-01,484.7,503.7527137858857
17,Aleatório 10%,Harmônica log,2018-10-01,548.1,527.1430104372959
17,Aleatório 10%,Harmônica log,2018-11-01,564.7,587.1195875040986
17,Aleatório 10%,Harmônica log,2019-03-01,573.2,527.8456726202594
17,Aleatório 10%,Harmônica log,2022-04-01,636.2,690.0673371527522
17,Aleatório 10%,Harmônica log,2022-10-01,683.4,678.0593525716506
17,Aleatório 10%,Harmônica log,2022-11-01,682.8,755.2066887027752
17,Aleatório 10%,Harmônica + resíduo,2015-07-01,503.4,515.207373772139
17,Aleatório 10%,Harmônica + resíduo,2017-04-01,484.7,523.6229054038358
17,Aleatório 10%,Harmônica + resíduo,2018-10-01,548.1,542.1039381384188
17,Aleatório 10%,Harmônica + resíduo,2018-11-01,564.7,612.6343924728811
17,Aleatório 10%,Harmônica + resíduo,2019-03-01,573.2,508.7150719123609
17,Aleatório 10%,Harmônica + resíduo,2022-04-01,636.2,707.6992469791826
17,Aleatório 10%,Harmônica + resíduo,2022-10-01,683.4,659.8837086201306
17,Aleatório 10%,Harmônica + resíduo,2022-11-01,682.8,734.9630804823317
17,Aleatório 20%,Média global,2015-03-01,444.8,577.2130434782608
17,Aleatório 20%,Média global,2015-08-01,512.4,577.2130434782608
17,Aleatório 20%,Média global,2015-09-01,456.3,577.2130434782608
17,Aleatório 20%,Média global,2016-08-01,563.1,577.2130434782608
17,Aleatório 20%,Média global,2018-02-01,455.7,577.2130434782608
17,Aleatório 20%,Média global,2018-05-01,553.4,577.2130434782608
17,Aleatório 20%,Média global,2018-09-01,574.2,577.2130434782608
17,Aleatório 20%,Média global,2019-02-01,489.1,577.2130434782608
17,Aleatório 20%,Média global,2019-05-01,566.5,577.2130434782608
17,Aleatório 20%,Média global,2020-02-01,439.8,577.2130434782608
17,Aleatório 20%,Média global,2020-05-01,592.6,577.2130434782608
17,Aleatório 20%,Média global,2021-04-01,636.1,577.2130434782608
17,Aleatório 20%,Média global,2021-10-01,660.3,577.2130434782608
17,Aleatório 20%,Média global,2021-11-01,671.8,577.2130434782608
17,Aleatório 20%,Média global,2022-07-01,832.4,577.2130434782608
17,Aleatório 20%,Média global,2022-08-01,852.0,577.2130434782608
17,Aleatório 20%,Linear,2015-03-01,444.8,400.5
17,Aleatório 20%,Linear,2015-08-01,512.4,485.3
17,Aleatório 20%,Linear,2015-09-01,456.3,467.2
17,Aleatório 20%,Linear,2016-08-01,563.1,524.4
17,Aleatório 20%,Linear,2018-02-01,455.7,532.125
17,Aleatório 20%,Linear,2018-05-01,553.4,544.0
17,Aleatório 20%,Linear,2018-09-01,574.2,600.1
17,Aleatório 20%,Linear,2019-02-01,489.1,571.075
17,Aleatório 20%,Linear,2019-05-01,566.5,576.05
17,Aleatório 20%,Linear,2020-02-01,439.8,559.775
17,Aleatório 20%,Linear,2020-05-01,592.6,596.1
17,Aleatório 20%,Linear,2021-04-01,636.1,667.75
17,Aleatório 20%,Linear,2021-10-01,660.3,701.825
17,Aleatório 20%,Linear,2021-11-01,671.8,708.95
17,Aleatório 20%,Linear,2022-07-01,832.4,733.1333333333333
17,Aleatório 20%,Linear,2022-08-01,852.0,721.1666666666667
17,Aleatório 20%,PCHIP,2015-03-01,444.8,395.22460496613996
17,Aleatório 20%,PCHIP,2015-08-01,512.4,489.32222222222225
17,Aleatório 20%,PCHIP,2015-09-01,456.3,463.1777777777778
17,Aleatório 20%,PCHIP,2016-08-01,563.1,527.1776548672566
17,Aleatório 20%,PCHIP,2018-02-01,455.7,532.4360795454545
17,Aleatório 20%,PCHIP,2018-05-01,553.4,534.6356728802
17,Aleatório 20%,PCHIP,2018-09-01,574.2,600.1
17,Aleatório 20%,PCHIP,2019-02-01,489.1,572.707511449779
17,Aleatório 20%,PCHIP,2019-05-01,566.5,567.035329244674
17,Aleatório 20%,PCHIP,2020-02-01,439.8,555.846875
17,Aleatório 20%,PCHIP,2020-05-01,592.6,588.35709463618
17,Aleatório 20%,PCHIP,2021-04-01,636.1,668.0574377514149
17,Aleatório 20%,PCHIP,2021-10-01,660.3,699.153125
17,Aleatório 20%,PCHIP,2021-11-01,671.8,708.95
17,Aleatório 20%,PCHIP,2022-07-01,832.4,739.6621210274978
17,Aleatório 20%,PCHIP,2022-08-01,852.0,726.2464642772179
17,Aleatório 20%,Harmônica log,2015-03-01,444.8,416.5306304128409
17,Aleatório 20%,Harmônica log,2015-08-01,512.4,531.047642752702
17,Aleatório 20%,Harmônica log,2015-09-01,456.3,472.71817064441416
17,Aleatório 20%,Harmônica log,2016-08-01,563.1,565.4603079535514
17,Aleatório 20%,Harmônica log,2018-02-01,455.7,493.23898931763085
17,Aleatório 20%,Harmônica log,2018-05-01,553.4,536.0125125740343
17,Aleatório 20%,Harmônica log,2018-09-01,574.2,570.7004515860251
17,Aleatório 20%,Harmônica log,2019-02-01,489.1,525.2015983886539
17,Aleatório 20%,Harmônica log,2019-05-01,566.5,570.7469086125194
17,Aleatório 20%,Harmônica log,2020-02-01,439.8,559.2354313506358
17,Aleatório 20%,Harmônica log,2020-05-01,592.6,607.7321443979425
17,Aleatório 20%,Harmônica log,2021-04-01,636.1,639.2845959173234
17,Aleatório 20%,Harmônica log,2021-10-01,660.3,642.0298498473164
17,Aleatório 20%,Harmônica log,2021-11-01,671.8,692.98789883585
17,Aleatório 20%,Harmônica log,2022-07-01,832.4,808.7580666223151
17,Aleatório 20%,Harmônica log,2022-08-01,852.0,824.1646163592291
17,Aleatório 20%,Harmônica + resíduo,2015-03-01,444.8,392.0078873163944
17,Aleatório 20%,Harmônica + resíduo,2015-08-01,512.4,522.2960651741769
17,Aleatório 20%,Harmônica + resíduo,2015-09-01,456.3,473.3624106297684
17,Aleatório 20%,Harmônica + resíduo,2016-08-01,563.1,560.2868278174053
17,Aleatório 20%,Harmônica + resíduo,2018-02-01,455.7,512.9420677002757
17,Aleatório 20%,Harmônica + resíduo,2018-05-01,553.4,533.011266072281
17,Aleatório 20%,Harmônica + resíduo,2018-09-01,574.2,584.3201520862735
17,Aleatório 20%,Harmônica + resíduo,2019-02-01,489.1,550.4768529573248
17,Aleatório 20%,Harmônica + resíduo,2019-05-01,566.5,564.4518437219989
17,Aleatório 20%,Harmônica + resíduo,2020-02-01,439.8,539.3190792414605
17,Aleatório 20%,Harmônica + resíduo,2020-05-01,592.6,583.3042033357225
17,Aleatório 20%,Harmônica + resíduo,2021-04-01,636.1,681.0481077787865
17,Aleatório 20%,Harmônica + resíduo,2021-10-01,660.3,653.3313510336602
17,Aleatório 20%,Harmônica + resíduo,2021-11-01,671.8,711.7034083056709
17,Aleatório 20%,Harmônica + resíduo,2022-07-01,832.4,814.1476497088161
17,Aleatório 20%,Harmônica + resíduo,2022-08-01,852.0,813.0162286108184
17,Bloco 3 meses,Média global,2015-07-01,503.4,581.8035294117647
17,Bloco 3 meses,Média global,2015-08-01,512.4,581.8035294117647
17,Bloco 3 meses,Média global,2015-09-01,456.3,581.8035294117647
17,Bloco 3 meses,Linear,2015-07-01,503.4,466.5
17,Bloco 3 meses,Linear,2015-08-01,512.4,460.70000000000005
17,Bloco 3 meses,Linear,2015-09-01,456.3,454.90000000000003
17,Bloco 3 meses,PCHIP,2015-07-01,503.4,468.675
17,Bloco 3 meses,PCHIP,2015-08-01,512.4,460.70000000000005
17,Bloco 3 meses,PCHIP,2015-09-01,456.3,452.725
17,Bloco 3 meses,Harmônica log,2015-07-01,503.4,527.1640771278421
17,Bloco 3 meses,Harmônica log,2015-08-01,512.4,541.4011630636855
17,Bloco 3 meses,Harmônica log,2015-09-01,456.3,476.4183949810182
17,Bloco 3 meses,Harmônica + resíduo,2015-07-01,503.4,532.8290946737422
17,Bloco 3 meses,Harmônica + resíduo,2015-08-01,512.4,548.859146834022
17,Bloco 3 meses,Harmônica + resíduo,2015-09-01,456.3,484.4286747082483
17,Bloco 6 meses,Média global,2021-02-01,526.4,570.5666666666667
17,Bloco 6 meses,Média global,2021-03-01,663.1,570.5666666666667
17,Bloco 6 meses,Média global,2021-04-01,636.1,570.5666666666667
17,Bloco 6 meses,Média global,2021-05-01,672.4,570.5666666666667
17,Bloco 6 meses,Média global,2021-06-01,703.3,570.5666666666667
17,Bloco 6 meses,Média global,2021-07-01,775.8,570.5666666666667
17,Bloco 6 meses,Linear,2021-02-01,526.4,684.7
17,Bloco 6 meses,Linear,2021-03-01,663.1,697.3666666666667
17,Bloco 6 meses,Linear,2021-04-01,636.1,710.0333333333334
17,Bloco 6 meses,Linear,2021-05-01,672.4,722.7
17,Bloco 6 meses,Linear,2021-06-01,703.3,735.3666666666667
17,Bloco 6 meses,Linear,2021-07-01,775.8,748.0333333333334
17,Bloco 6 meses,PCHIP,2021-02-01,526.4,702.7020315213474
17,Bloco 6 meses,PCHIP,2021-03-01,663.1,718.7265723963093
17,Bloco 6 meses,PCHIP,2021-04-01,636.1,732.7508875466771
17,Bloco 6 meses,PCHIP,2021-05-01,672.4,744.3676824273405
17,Bloco 6 meses,PCHIP,2021-06-01,703.3,753.169662493189
17,Bloco 6 meses,PCHIP,2021-07-01,775.8,758.7495331991122
17,Bloco 6 meses,Harmônica log,2021-02-01,526.4,578.7506395656974
17,Bloco 6 meses,Harmônica log,2021-03-01,663.1,595.3687049758365
17,Bloco 6 meses,Harmônica log,2021-04-01,636.1,635.7681467073663
17,Bloco 6 meses,Harmônica log,2021-05-01,672.4,642.7079136966651
17,Bloco 6 meses,Harmônica log,2021-06-01,703.3,672.4825500167971
17,Bloco 6 meses,Harmônica log,2021-07-01,775.8,753.3808217523544
17,Bloco 6 meses,Harmônica + resíduo,2021-02-01,526.4,573.1891326353845
17,Bloco 6 meses,Harmônica + resíduo,2021-03-01,663.1,589.1469800898652
17,Bloco 6 meses,Harmônica + resíduo,2021-04-01,636.1,628.5902026905825
17,Bloco 6 meses,Harmônica + resíduo,2021-05-01,672.4,634.9122106492952
17,Bloco 6 meses,Harmônica + resíduo,2021-06-01,703.3,663.7617788597665
17,Bloco 6 meses,Harmônica + resíduo,2021-07-01,775.8,742.9797401304663
18,Aleatório 10%,Média global,2015-08-01,512.4,577.73
18,Aleatório 10%,Média global,2016-03-01,476.2,577.73
18,Aleatório 10%,Média global,2016-09-01,496.5,577.73
18,Aleatório 10%,Média global,2016-10-01,489.0,577.73
18,Aleatório 10%,Média global,2020-10-01,617.2,577.73
18,Aleatório 10%,Média global,2021-08-01,760.7,577.73
18,Aleatório 10%,Média global,2021-09-01,694.7,577.73
18,Aleatório 10%,Média global,2021-10-01,660.3,577.73
18,Aleatório 10%,Linear,2015-08-01,512.4,479.85
18,Aleatório 10%,Linear,2016-03-01,476.2,419.04999999999995
18,Aleatório 10%,Linear,2016-09-01,496.5,544.4666666666667
18,Aleatório 10%,Linear,2016-10-01,489.0,525.8333333333334
18,Aleatório 10%,Linear,2020-10-01,617.2,646.05
18,Aleatório 10%,Linear,2021-08-01,760.7,749.8
18,Aleatório 10%,Linear,2021-09-01,694.7,723.8
18,Aleatório 10%,Linear,2021-10-01,660.3,697.8
18,Aleatório 10%,PCHIP,2015-08-01,512.4,482.45327533265095
18,Aleatório 10%,PCHIP,2016-03-01,476.2,413.6444559432288
18,Aleatório 10%,PCHIP,2016-09-01,496.5,551.481008858874
18,Aleatório 10%,PCHIP,2016-10-01,489.0,527.4397954955258
18,Aleatório 10%,PCHIP,2020-10-01,617.2,645.7298563218391
18,Aleatório 10%,PCHIP,2021-08-01,760.7,759.55
18,Aleatório 10%,PCHIP,2021-09-01,694.7,723.8
18,Aleatório 10%,PCHIP,2021-10-01,660.3,688.05
18,Aleatório 10%,Harmônica log,2015-08-01,512.4,539.2848463581631
18,Aleatório 10%,Harmônica log,2016-03-01,476.2,435.2085758597101
18,Aleatório 10%,Harmônica log,2016-09-01,496.5,500.92498644357596
18,Aleatório 10%,Harmônica log,2016-10-01,489.0,460.18627124854413
18,Aleatório 10%,Harmônica log,2020-10-01,617.2,590.0862099126936
18,Aleatório 10%,Harmônica log,2021-08-01,760.7,783.0525855351415
18,Aleatório 10%,Harmônica log,2021-09-01,694.7,683.5179972610707
18,Aleatório 10%,Harmônica log,2021-10-01,660.3,627.9295443496006
18,Aleatório 10%,Harmônica + resíduo,2015-08-01,512.4,520.162686552928
18,Aleatório 10%,Harmônica + resíduo,2016-03-01,476.2,406.9738843205372
18,Aleatório 10%,Harmônica + resíduo,2016-09-01,496.5,494.1615999493986
18,Aleatório 10%,Harmônica + resíduo,2016-10-01,489.0,456.4092087291501
18,Aleatório 10%,Harmônica + resíduo,2020-10-01,617.2,588.9740898356142
18,Aleatório 10%,Harmônica + resíduo,2021-08-01,760.7,787.5398436939214
18,Aleatório 10%,Harmônica + resíduo,2021-09-01,694.7,678.7042746632461
18,Aleatório 10%,Harmônica + resíduo,2021-10-01,660.3,615.588602998494
18,Aleatório 20%,Média global,2015-04-01,441.5,569.3361111111111
18,Aleatório 20%,Média global,2015-09-01,456.3,569.3361111111111
18,Aleatório 20%,Média global,2015-11-01,465.8,569.3361111111111
18,Aleatório 20%,Média global,2016-03-01,476.2,569.3361111111111
18,Aleatório 20%,Média global,2016-05-01,473.0,569.3361111111111
18,Aleatório 20%,Média global,2017-08-01,599.1,569.3361111111111
18,Aleatório 20%,Média global,2017-10-01,513.0,569.3361111111111
18,Aleatório 20%,Média global,2018-06-01,566.3,569.3361111111111
18,Aleatório 20%,Média global,2020-07-01,682.4,569.3361111111111
18,Aleatório 20%,Média global,2020-11-01,646.7,569.3361111111111
18,Aleatório 20%,Média global,2021-07-01,775.8,569.3361111111111
18,Aleatório 20%,Média global,2021-08-01,760.7,569.3361111111111
18,Aleatório 20%,Média global,2022-07-01,832.4,569.3361111111111
18,Aleatório 20%,Média global,2022-08-01,852.0,569.3361111111111
18,Aleatório 20%,Média global,2022-09-01,709.2,569.3361111111111
18,Aleatório 20%,Média global,2022-11-01,682.8,569.3361111111111
18,Aleatório 20%,Linear,2015-04-01,441.5,450.75
18,Aleatório 20%,Linear,2015-09-01,456.3,480.75
18,Aleatório 20%,Linear,2015-11-01,465.8,464.40000000000003
18,Aleatório 20%,Linear,2016-03-01,476.2,419.04999999999995
18,Aleatório 20%,Linear,2016-05-01,473.0,474.7
18,Aleatório 20%,Linear,2017-08-01,599.1,569.45
18,Aleatório 20%,Linear,2017-10-01,513.0,531.35
18,Aleatório 20%,Linear,2018-06-01,566.3,600.9
18,Aleatório 20%,Linear,2020-07-01,682.4,682.2
18,Aleatório 20%,Linear,2020-11-01,646.7,655.6
18,Aleatório 20%,Linear,2021-07-01,775.8,700.4333333333333
18,Aleatório 20%,Linear,2021-08-01,760.7,697.5666666666667
18,Aleatório 20%,Linear,2022-07-01,832.4,729.675
18,Aleatório 20%,Linear,2022-08-01,852.0,714.25
18,Aleatório 20%,Linear,2022-09-01,709.2,698.825
18,Aleatório 20%,Linear,2022-11-01,682.8,683.4
18,Aleatório 20%,PCHIP,2015-04-01,441.5,451.5620981423026
18,Aleatório 20%,PCHIP,2015-09-01,456.3,480.75
18,Aleatório 20%,PCHIP,2015-11-01,465.8,461.00000000000006
18,Aleatório 20%,PCHIP,2016-03-01,476.2,412.99672057502244
18,Aleatório 20%,PCHIP,2016-05-01,473.0,473.4559302476467
18,Aleatório 20%,PCHIP,2017-08-01,599.1,569.6233923884515
18,Aleatório 20%,PCHIP,2017-10-01,513.0,531.1766076115487
18,Aleatório 20%,PCHIP,2018-06-01,566.3,608.6325253291458
18,Aleatório 20%,PCHIP,2020-07-01,682.4,693.3017751479291
18,Aleatório 20%,PCHIP,2020-11-01,646.7,647.0666666666667
18,Aleatório 20%,PCHIP,2021-07-01,775.8,702.439524599226
18,Aleatório 20%,PCHIP,2021-08-01,760.7,699.6679380873411
18,Aleatório 20%,PCHIP,2022-07-01,832.4,744.1359375000001
18,Aleatório 20%,PCHIP,2022-08-01,852.0,737.3875
18,Aleatório 20%,PCHIP,2022-09-01,709.2,719.0703125
18,Aleatório 20%,PCHIP,2022-11-01,682.8,683.4
18,Aleatório 20%,Harmônica log,2015-04-01,441.5,440.21103057503603
18,Aleatório 20%,Harmônica log,2015-09-01,456.3,471.806109516846
18,Aleatório 20%,Harmônica log,2015-11-01,465.8,486.5124855753121
18,Aleatório 20%,Harmônica log,2016-03-01,476.2,434.30272280936197
18,Aleatório 20%,Harmônica log,2016-05-01,473.0,474.55882995277074
18,Aleatório 20%,Harmônica log,2017-08-01,599.1,607.515687079217
18,Aleatório 20%,Harmônica log,2017-10-01,513.0,498.25332108424783
18,Aleatório 20%,Harmônica log,2018-06-01,566.3,560.8116749301364
18,Aleatório 20%,Harmônica log,2020-07-01,682.4,714.6571977362265
18,Aleatório 20%,Harmônica log,2020-11-01,646.7,666.8742520380356
18,Aleatório 20%,Harmônica log,2021-07-01,775.8,761.1806928587371
18,Aleatório 20%,Harmônica log,2021-08-01,760.7,781.8392410461271
18,Aleatório 20%,Harmônica log,2022-07-01,832.4,810.7328226962859
18,Aleatório 20%,Harmônica log,2022-08-01,852.0,832.7362224696924
18,Aleatório 20%,Harmônica log,2022-09-01,709.2,733.6577398535078
18,Aleatório 20%,Harmônica log,2022-11-01,682.8,756.5261309210539
18,Aleatório 20%,Harmônica + resíduo,2015-04-01,441.5,465.48694177568177
18,Aleatório 20%,Harmônica + resíduo,2015-09-01,456.3,466.6763396115649
18,Aleatório 20%,Harmônica + resíduo,2015-11-01,465.8,500.17222803479734
18,Aleatório 20%,Harmônica + resíduo,2016-03-01,476.2,407.2849578170604
18,Aleatório 20%,Harmônica + resíduo,2016-05-01,473.0,467.58413532205316
18,Aleatório 20%,Harmônica + resíduo,2017-08-01,599.1,613.5091410671133
18,Aleatório 20%,Harmônica + resíduo,2017-10-01,513.0,487.10437893904907
18,Aleatório 20%,Harmônica + resíduo,2018-06-01,566.3,576.8517457726215
18,Aleatório 20%,Harmônica + resíduo,2020-07-01,682.4,711.7135973298741
18,Aleatório 20%,Harmônica + resíduo,2020-11-01,646.7,704.5132969870164
18,Aleatório 20%,Harmônica + resíduo,2021-07-01,775.8,782.506745688227
18,Aleatório 20%,Harmônica + resíduo,2021-08-01,760.7,796.0943118033283
18,Aleatório 20%,Harmônica + resíduo,2022-07-01,832.4,830.4712865528495
18,Aleatório 20%,Harmônica + resíduo,2022-08-01,852.0,846.3765796305179
18,Aleatório 20%,Harmônica + resíduo,2022-09-01,709.2,739.876103381762
18,Aleatório 20%,Harmônica + resíduo,2022-11-01,682.8,757.0049970393655
18,Bloco 3 meses,Média global,2015-06-01,472.3,581.6152941176471
18,Bloco 3 meses,Média global,2015-07-01,503.4,581.6152941176471
18,Bloco 3 meses,Média global,2015-08-01,512.4,581.6152941176471
18,Bloco 3 meses,Linear,2015-06-01,472.3,456.6
18,Bloco 3 meses,Linear,2015-07-01,503.4,456.5
18,Bloco 3 meses,Linear,2015-08-01,512.4,456.4
18,Bloco 3 meses,PCHIP,2015-06-01,472.3,456.6834183673469
18,Bloco 3 meses,PCHIP,2015-07-01,503.4,456.6224489795918
18,Bloco 3 meses,PCHIP,2015-08-01,512.4,456.50025510204085
18,Bloco 3 meses,Harmônica log,2015-06-01,472.3,467.78613165994705
18,Bloco 3 meses,Harmônica log,2015-07-01,503.4,526.2774466504831
18,Bloco 3 meses,Harmônica log,2015-08-01,512.4,539.6208280579718
18,Bloco 3 meses,Harmônica + resíduo,2015-06-01,472.3,470.35906701026903
18,Bloco 3 meses,Harmônica + resíduo,2015-07-01,503.4,521.4919677948367
18,Bloco 3 meses,Harmônica + resíduo,2015-08-01,512.4,526.9534539308171
18,Bloco 6 meses,Média global,2021-04-01,636.1,569.2975609756097
18,Bloco 6 meses,Média global,2021-05-01,672.4,569.2975609756097
18,Bloco 6 meses,Média global,2021-06-01,703.3,569.2975609756097
18,Bloco 6 meses,Média global,2021-07-01,775.8,569.2975609756097
18,Bloco 6 meses,Média global,2021-08-01,760.7,569.2975609756097
18,Bloco 6 meses,Média global,2021-09-01,694.7,569.2975609756097
18,Bloco 6 meses,Linear,2021-04-01,636.1,662.7
18,Bloco 6 meses,Linear,2021-05-01,672.4,662.3
18,Bloco 6 meses,Linear,2021-06-01,703.3,661.9
18,Bloco 6 meses,Linear,2021-07-01,775.8,661.5
18,Bloco 6 meses,Linear,2021-08-01,760.7,661.1
18,Bloco 6 meses,Linear,2021-09-01,694.7,660.6999999999999
18,Bloco 6 meses,PCHIP,2021-04-01,636.1,662.9448979591837
18,Bloco 6 meses,PCHIP,2021-05-01,672.4,662.5448979591837
18,Bloco 6 meses,PCHIP,2021-06-01,703.3,661.9979591836734
18,Bloco 6 meses,PCHIP,2021-07-01,775.8,661.4020408163265
18,Bloco 6 meses,PCHIP,2021-08-01,760.7,660.8551020408164
18,Bloco 6 meses,PCHIP,2021-09-01,694.7,660.4551020408163
18,Bloco 6 meses,Harmônica log,2021-04-01,636.1,640.8505822531895
18,Bloco 6 meses,Harmônica log,2021-05-01,672.4,645.2804869218575
18,Bloco 6 meses,Harmônica log,2021-06-01,703.3,672.1011658206781
18,Bloco 6 meses,Harmônica log,2021-07-01,775.8,755.6129161920735
18,Bloco 6 meses,Harmônica log,2021-08-01,760.7,776.7586446705252
18,Bloco 6 meses,Harmônica log,2021-09-01,694.7,684.6668165526282
18,Bloco 6 meses,Harmônica + resíduo,2021-04-01,636.1,704.2207015811601
18,Bloco 6 meses,Harmônica + resíduo,2021-05-01,672.4,702.6548398011917
18,Bloco 6 meses,Harmônica + resíduo,2021-06-01,703.3,725.2198180310246
18,Bloco 6 meses,Harmônica + resíduo,2021-07-01,775.8,807.9340152827059
18,Bloco 6 meses,Harmônica + resíduo,2021-08-01,760.7,823.008120741324
18,Bloco 6 meses,Harmônica + resíduo,2021-09-01,694.7,718.850882121998
19,Aleatório 10%,Média global,2015-04-01,441.5,580.555
19,Aleatório 10%,Média global,2016-08-01,563.1,580.555
19,Aleatório 10%,Média global,2016-11-01,507.2,580.555
19,Aleatório 10%,Média global,2017-10-01,513.0,580.555
19,Aleatório 10%,Média global,2018-05-01,553.4,580.555
19,Aleatório 10%,Média global,2019-05-01,566.5,580.555
19,Aleatório 10%,Média global,2019-11-01,591.2,580.555
19,Aleatório 10%,Média global,2022-06-01,745.1,580.555
19,Aleatório 10%,Linear,2015-04-01,441.5,450.75
19,Aleatório 10%,Linear,2016-08-01,563.1,524.4
19,Aleatório 10%,Linear,2016-11-01,507.2,488.26666666666665
19,Aleatório 10%,Linear,2017-10-01,513.0,531.35
19,Aleatório 10%,Linear,2018-05-01,553.4,544.0
19,Aleatório 10%,Linear,2019-05-01,566.5,576.05
19,Aleatório 10%,Linear,2019-11-01,591.2,579.5
19,Aleatório 10%,Linear,2022-06-01,745.1,752.0
19,Aleatório 10%,PCHIP,2015-04-01,441.5,451.5620981423026
19,Aleatório 10%,PCHIP,2016-08-01,563.1,527.1776548672566
19,Aleatório 10%,PCHIP,2016-11-01,507.2,488.12241433012423
19,Aleatório 10%,PCHIP,2017-10-01,513.0,531.1543946932007
19,Aleatório 10%,PCHIP,2018-05-01,553.4,534.6356728802
19,Aleatório 10%,PCHIP,2019-05-01,566.5,567.035329244674
19,Aleatório 10%,PCHIP,2019-11-01,591.2,579.3888888888889
19,Aleatório 10%,PCHIP,2022-06-01,745.1,756.3998640757425
19,Aleatório 10%,Harmônica log,2015-04-01,441.5,442.9926097584661
19,Aleatório 10%,Harmônica log,2016-08-01,563.1,571.1560157082434
19,Aleatório 10%,Harmônica log,2016-11-01,507.2,514.5520343468299
19,Aleatório 10%,Harmônica log,2017-10-01,513.0,495.87528218374285
19,Aleatório 10%,Harmônica log,2018-05-01,553.4,536.8279083339645
19,Aleatório 10%,Harmônica log,2019-05-01,566.5,571.0709655124645
19,Aleatório 10%,Harmônica log,2019-11-01,591.2,619.4329215310887
19,Aleatório 10%,Harmônica log,2022-06-01,745.1,716.5258480495877
19,Aleatório 10%,Harmônica + resíduo,2015-04-01,441.5,465.3752700561811
19,Aleatório 10%,Harmônica + resíduo,2016-08-01,563.1,565.8393413755289
19,Aleatório 10%,Harmônica + resíduo,2016-11-01,507.2,524.375820719284
19,Aleatório 10%,Harmônica + resíduo,2017-10-01,513.0,487.3326741134947
19,Aleatório 10%,Harmônica + resíduo,2018-05-01,553.4,534.1732189246853
19,Aleatório 10%,Harmônica + resíduo,2019-05-01,566.5,565.6823363430842
19,Aleatório 10%,Harmônica + resíduo,2019-11-01,591.2,622.3571439872875
19,Aleatório 10%,Harmônica + resíduo,2022-06-01,745.1,719.465275787619
19,Aleatório 20%,Média global,2015-02-01,359.5,582.6914285714284
19,Aleatório 20%,Média global,2016-03-01,476.2,582.6914285714284
19,Aleatório 20%,Média global,2016-06-01,492.5,582.6914285714284
19,Aleatório 20%,Média global,2017-03-01,513.9,582.6914285714284
19,Aleatório 20%,Média global,2017-04-01,484.7,582.6914285714284
19,Aleatório 20%,Média global,2017-07-01,607.2,582.6914285714284
19,Aleatório 20%,Média global,2017-09-01,531.7,582.6914285714284
19,Aleatório 20%,Média global,2018-08-01,652.1,582.6914285714284
19,Aleatório 20%,Média global,2018-09-01,574.2,582.6914285714284
19,Aleatório 20%,Média global,2019-02-01,489.1,582.6914285714284
19,Aleatório 20%,Média global,2019-09-01,602.0,582.6914285714284
19,Aleatório 20%,Média global,2020-03-01,549.3,582.6914285714284
19,Aleatório 20%,Média global,2020-04-01,557.2,582.6914285714284
19,Aleatório 20%,Média global,2020-10-01,617.2,582.6914285714284
19,Aleatório 20%,Média global,2021-09-01,694.7,582.6914285714284
19,Aleatório 20%,Média global,2022-07-01,832.4,582.6914285714284
19,Aleatório 20%,Linear,2015-02-01,359.5,444.8
19,Aleatório 20%,Linear,2016-03-01,476.2,419.04999999999995
19,Aleatório 20%,Linear,2016-06-01,492.5,512.65
19,Aleatório 20%,Linear,2017-03-01,513.9,464.8
19,Aleatório 20%,Linear,2017-04-01,484.7,480.8
19,Aleatório 20%,Linear,2017-07-01,607.2,561.75
19,Aleatório 20%,Linear,2017-09-01,531.7,556.05
19,Aleatório 20%,Linear,2018-08-01,652.1,614.9666666666667
19,Aleatório 20%,Linear,2018-09-01,574.2,581.5333333333333
19,Aleatório 20%,Linear,2019-02-01,489.1,571.075
19,Aleatório 20%,Linear,2019-09-01,602.0,628.0
19,Aleatório 20%,Linear,2020-03-01,549.3,490.73333333333335
19,Aleatório 20%,Linear,2020-04-01,557.2,541.6666666666667
19,Aleatório 20%,Linear,2020-10-01,617.2,646.05
19,Aleatório 20%,Linear,2021-09-01,694.7,710.5
19,Aleatório 20%,Linear,2022-07-01,832.4,798.55
19,Aleatório 20%,PCHIP,2015-02-01,359.5,444.8
19,Aleatório 20%,PCHIP,2016-03-01,476.2,413.6444559432288
19,Aleatório 20%,PCHIP,2016-06-01,492.5,514.1281215898994
19,Aleatório 20%,PCHIP,2017-03-01,513.9,456.5340444444444
19,Aleatório 20%,PCHIP,2017-04-01,484.7,474.93475555555557
19,Aleatório 20%,PCHIP,2017-07-01,607.2,569.5556032306915
19,Aleatório 20%,PCHIP,2017-09-01,531.7,556.05
19,Aleatório 20%,PCHIP,2018-08-01,652.1,622.3962962962963
19,Aleatório 20%,PCHIP,2018-09-01,574.2,574.1037037037038
19,Aleatório 20%,PCHIP,2019-02-01,489.1,572.707511449779
19,Aleatório 20%,PCHIP,2019-09-01,602.0,628.0
19,Aleatório 20%,PCHIP,2020-03-01,549.3,469.28548398304497
19,Aleatório 20%,PCHIP,2020-04-01,557.2,532.7265235216455
19,Aleatório 20%,PCHIP,2020-10-01,617.2,645.7298563218391
19,Aleatório 20%,PCHIP,2021-09-01,694.7,705.0229768786128
19,Aleatório 20%,PCHIP,2022-07-01,832.4,814.2992984409799
19,Aleatório 20%,Harmônica log,2015-02-01,359.5,399.02618982177626
19,Aleatório 20%,Harmônica log,2016-03-01,476.2,438.51922447802406
19,Aleatório 20%,Harmônica log,2016-06-01,492.5,495.93215603089214
19,Aleatório 20%,Harmônica log,2017-03-01,513.9,466.90986625461335
19,Aleatório 20%,Harmônica log,2017-04-01,484.7,501.2677681149229
19,Aleatório 20%,Harmônica log,2017-07-01,607.2,587.6593464802286
19,Aleatório 20%,Harmônica log,2017-09-01,531.7,534.1002397627352
19,Aleatório 20%,Harmônica log,2018-08-01,652.1,640.448290084369
19,Aleatório 20%,Harmônica log,2018-09-01,574.2,568.6789942014797
19,Aleatório 20%,Harmônica log,2019-02-01,489.1,512.8366517430376
19,Aleatório 20%,Harmônica log,2019-09-01,602.0,605.4964487371687
19,Aleatório 20%,Harmônica log,2020-03-01,549.3,563.593910732298
19,Aleatório 20%,Harmônica log,2020-04-01,557.2,605.06637827585
19,Aleatório 20%,Harmônica log,2020-10-01,617.2,599.4455737185812
19,Aleatório 20%,Harmônica log,2021-09-01,694.7,686.4365939925248
19,Aleatório 20%,Harmônica log,2022-07-01,832.4,804.1697201160575
19,Aleatório 20%,Harmônica + resíduo,2015-02-01,359.5,430.9451090811275
19,Aleatório 20%,Harmônica + resíduo,2016-03-01,476.2,409.2041897827386
19,Aleatório 20%,Harmônica + resíduo,2016-06-01,492.5,494.2080148681522
19,Aleatório 20%,Harmônica + resíduo,2017-03-01,513.9,461.1694704237225
19,Aleatório 20%,Harmônica + resíduo,2017-04-01,484.7,492.9037889110425
19,Aleatório 20%,Harmônica + resíduo,2017-07-01,607.2,584.4582314163408
19,Aleatório 20%,Harmônica + resíduo,2017-09-01,531.7,541.7551251775822
19,Aleatório 20%,Harmônica + resíduo,2018-08-01,652.1,663.7415280639705
19,Aleatório 20%,Harmônica + resíduo,2018-09-01,574.2,589.4189340360716
19,Aleatório 20%,Harmônica + resíduo,2019-02-01,489.1,541.9806961551049
19,Aleatório 20%,Harmônica + resíduo,2019-09-01,602.0,611.8265264966052
19,Aleatório 20%,Harmônica + resíduo,2020-03-01,549.3,482.5275934750018
19,Aleatório 20%,Harmônica + resíduo,2020-04-01,557.2,550.65931323993
19,Aleatório 20%,Harmônica + resíduo,2020-10-01,617.2,597.4718167778884
19,Aleatório 20%,Harmônica + resíduo,2021-09-01,694.7,692.5833440608377
19,Aleatório 20%,Harmônica + resíduo,2022-07-01,832.4,830.8058718625846
19,Bloco 3 meses,Média global,2017-04-01,484.7,581.4058823529411
19,Bloco 3 meses,Média global,2017-05-01,496.8,581.4058823529411
19,Bloco 3 meses,Média global,2017-06-01,524.4,581.4058823529411
19,Bloco 3 meses,Linear,2017-04-01,484.7,537.225
19,Bloco 3 meses,Linear,2017-05-01,496.8,560.55
19,Bloco 3 meses,Linear,2017-06-01,524.4,583.875
19,Bloco 3 meses,PCHIP,2017-04-01,484.7,549.8127657830648
19,Bloco 3 meses,PCHIP,2017-05-01,496.8,579.5141251405021
19,Bloco 3 meses,PCHIP,2017-06-01,524.4,599.7334219276883
19,Bloco 3 meses,Harmônica log,2017-04-01,484.7,502.4711250680983
19,Bloco 3 meses,Harmônica log,2017-05-01,496.8,508.22050022111506
19,Bloco 3 meses,Harmônica log,2017-06-01,524.4,528.996402475229
19,Bloco 3 meses,Harmônica + resíduo,2017-04-01,484.7,543.186402000155
19,Bloco 3 meses,Harmônica + resíduo,2017-05-01,496.8,539.9737478694162
19,Bloco 3 meses,Harmônica + resíduo,2017-06-01,524.4,552.4028014200991
19,Bloco 6 meses,Média global,2020-06-01,635.0,572.7963414634146
19,Bloco 6 meses,Média global,2020-07-01,682.4,572.7963414634146
19,Bloco 6 meses,Média global,2020-08-01,729.4,572.7963414634146
19,Bloco 6 meses,Média global,2020-09-01,645.4,572.7963414634146
19,Bloco 6 meses,Média global,2020-10-01,617.2,572.7963414634146
19,Bloco 6 meses,Média global,2020-11-01,646.7,572.7963414634146
19,Bloco 6 meses,Linear,2020-06-01,635.0,610.075
19,Bloco 6 meses,Linear,2020-07-01,682.4,627.55
19,Bloco 6 meses,Linear,2020-08-01,729.4,645.025
19,Bloco 6 meses,Linear,2020-09-01,645.4,662.5
19,Bloco 6 meses,Linear,2020-10-01,617.2,679.975
19,Bloco 6 meses,Linear,2020-11-01,646.7,697.45
19,Bloco 6 meses,PCHIP,2020-06-01,635.0,618.2482890975983
19,Bloco 6 meses,PCHIP,2020-07-01,682.4,643.3043737760627
19,Bloco 6 meses,PCHIP,2020-08-01,729.4,666.8967435167319
19,Bloco 6 meses,PCHIP,2020-09-01,645.4,688.1538878009445
19,Bloco 6 meses,PCHIP,2020-10-01,617.2,706.2042961100391
19,Bloco 6 meses,PCHIP,2020-11-01,646.7,720.1764579253542
19,Bloco 6 meses,Harmônica log,2020-06-01,635.0,637.5727757245342
19,Bloco 6 meses,Harmônica log,2020-07-01,682.4,715.9861363165112
19,Bloco 6 meses,Harmônica log,2020-08-01,729.4,732.0552734816815
19,Bloco 6 meses,Harmônica log,2020-09-01,645.4,642.9207349934668
19,Bloco 6 meses,Harmônica log,2020-10-01,617.2,596.4482650076665
19,Bloco 6 meses,Harmônica log,2020-11-01,646.7,656.3979743742736
19,Bloco 6 meses,Harmônica + resíduo,2020-06-01,635.0,631.4601173684871
19,Bloco 6 meses,Harmônica + resíduo,2020-07-01,682.4,722.6353432618104
19,Bloco 6 meses,Harmônica + resíduo,2020-08-01,729.4,752.9339549975922
19,Bloco 6 meses,Harmônica + resíduo,2020-09-01,645.4,673.8587405223215
19,Bloco 6 meses,Harmônica + resíduo,2020-10-01,617.2,637.0633733848636
19,Bloco 6 meses,Harmônica + resíduo,2020-11-01,646.7,714.4560422318017
